-----------------------------------------------------------
Server listening on 5201 (test #1)
-----------------------------------------------------------
Accepted connection from 192.168.1.2, port 59854
[  5] local 192.168.2.2 port 5201 connected to 192.168.1.2 port 59856
[  8] local 192.168.2.2 port 5201 connected to 192.168.1.2 port 59870
[ ID] Interval           Transfer     Bitrate
[  5]   0.00-1.00   sec   512 KBytes  4.19 Mbits/sec                  
[  8]   0.00-1.00   sec   512 KBytes  4.18 Mbits/sec                  
[SUM]   0.00-1.00   sec  1.00 MBytes  8.38 Mbits/sec                  
- - - - - - - - - - - - - - - - - - - - - - - - -
[  5]   1.00-2.00   sec   512 KBytes  4.19 Mbits/sec                  
[  8]   1.00-2.00   sec   512 KBytes  4.20 Mbits/sec                  
[SUM]   1.00-2.00   sec  1.00 MBytes  8.39 Mbits/sec                  
- - - - - - - - - - - - - - - - - - - - - - - - -
[  5]   2.00-3.00   sec   640 KBytes  5.25 Mbits/sec                  
[  8]   2.00-3.00   sec   640 KBytes  5.25 Mbits/sec                  
[SUM]   2.00-3.00   sec  1.25 MBytes  10.5 Mbits/sec                  
- - - - - - - - - - - - - - - - - - - - - - - - -
[  5]   3.00-4.00   sec   512 KBytes  4.19 Mbits/sec                  
[  8]   3.00-4.00   sec   512 KBytes  4.19 Mbits/sec                  
[SUM]   3.00-4.00   sec  1.00 MBytes  8.38 Mbits/sec                  
- - - - - - - - - - - - - - - - - - - - - - - - -
[  5]   4.00-5.00   sec   640 KBytes  5.24 Mbits/sec                  
[  8]   4.00-5.00   sec   640 KBytes  5.24 Mbits/sec                  
[SUM]   4.00-5.00   sec  1.25 MBytes  10.5 Mbits/sec                  
- - - - - - - - - - - - - - - - - - - - - - - - -
[  5]   5.00-6.00   sec   512 KBytes  4.19 Mbits/sec                  
[  8]   5.00-6.00   sec   512 KBytes  4.20 Mbits/sec                  
[SUM]   5.00-6.00   sec  1.00 MBytes  8.39 Mbits/sec                  
- - - - - - - - - - - - - - - - - - - - - - - - -
[  5]   6.00-7.00   sec   640 KBytes  5.24 Mbits/sec                  
[  8]   6.00-7.00   sec   640 KBytes  5.24 Mbits/sec                  
[SUM]   6.00-7.00   sec  1.25 MBytes  10.5 Mbits/sec                  
- - - - - - - - - - - - - - - - - - - - - - - - -
[  5]   7.00-8.00   sec   512 KBytes  4.19 Mbits/sec                  
[  8]   7.00-8.00   sec   512 KBytes  4.19 Mbits/sec                  
[SUM]   7.00-8.00   sec  1.00 MBytes  8.39 Mbits/sec                  
- - - - - - - - - - - - - - - - - - - - - - - - -
[  5]   8.00-9.00   sec   640 KBytes  5.25 Mbits/sec                  
[  8]   8.00-9.00   sec   640 KBytes  5.25 Mbits/sec                  
[SUM]   8.00-9.00   sec  1.25 MBytes  10.5 Mbits/sec                  
- - - - - - - - - - - - - - - - - - - - - - - - -
[  5]   9.00-10.00  sec   512 KBytes  4.19 Mbits/sec                  
[  8]   9.00-10.00  sec   512 KBytes  4.19 Mbits/sec                  
[SUM]   9.00-10.00  sec  1.00 MBytes  8.38 Mbits/sec                  
- - - - - - - - - - - - - - - - - - - - - - - - -
[  5]  10.00-11.00  sec   640 KBytes  5.24 Mbits/sec                  
[  8]  10.00-11.00  sec   512 KBytes  4.19 Mbits/sec                  
[SUM]  10.00-11.00  sec  1.12 MBytes  9.43 Mbits/sec                  
- - - - - - - - - - - - - - - - - - - - - - - - -
[  5]  11.00-12.00  sec   512 KBytes  4.19 Mbits/sec                  
[  8]  11.00-12.00  sec   640 KBytes  5.24 Mbits/sec                  
[SUM]  11.00-12.00  sec  1.12 MBytes  9.43 Mbits/sec                  
- - - - - - - - - - - - - - - - - - - - - - - - -
[  5]  12.00-13.00  sec   512 KBytes  4.20 Mbits/sec                  
[  8]  12.00-13.00  sec   512 KBytes  4.20 Mbits/sec                  
[SUM]  12.00-13.00  sec  1.00 MBytes  8.40 Mbits/sec                  
- - - - - - - - - - - - - - - - - - - - - - - - -
[  5]  13.00-14.00  sec   640 KBytes  5.24 Mbits/sec                  
[  8]  13.00-14.00  sec   640 KBytes  5.24 Mbits/sec                  
[SUM]  13.00-14.00  sec  1.25 MBytes  10.5 Mbits/sec                  
- - - - - - - - - - - - - - - - - - - - - - - - -
[  5]  14.00-15.00  sec   512 KBytes  4.20 Mbits/sec                  
[  8]  14.00-15.00  sec   512 KBytes  4.20 Mbits/sec                  
[SUM]  14.00-15.00  sec  1.00 MBytes  8.40 Mbits/sec                  
- - - - - - - - - - - - - - - - - - - - - - - - -
[  5]  15.00-16.00  sec   640 KBytes  5.24 Mbits/sec                  
[  8]  15.00-16.00  sec   640 KBytes  5.24 Mbits/sec                  
[SUM]  15.00-16.00  sec  1.25 MBytes  10.5 Mbits/sec                  
- - - - - - - - - - - - - - - - - - - - - - - - -
[  5]  16.00-17.00  sec   512 KBytes  4.19 Mbits/sec                  
[  8]  16.00-17.00  sec   512 KBytes  4.19 Mbits/sec                  
[SUM]  16.00-17.00  sec  1.00 MBytes  8.39 Mbits/sec                  
- - - - - - - - - - - - - - - - - - - - - - - - -
[  5]  17.00-18.00  sec   640 KBytes  5.22 Mbits/sec                  
[  8]  17.00-18.00  sec   640 KBytes  5.22 Mbits/sec                  
[SUM]  17.00-18.00  sec  1.25 MBytes  10.4 Mbits/sec                  
- - - - - - - - - - - - - - - - - - - - - - - - -
[  5]  18.00-19.00  sec   512 KBytes  4.21 Mbits/sec                  
[  8]  18.00-19.00  sec   512 KBytes  4.21 Mbits/sec                  
[SUM]  18.00-19.00  sec  1.00 MBytes  8.42 Mbits/sec                  
- - - - - - - - - - - - - - - - - - - - - - - - -
[  5]  19.00-20.00  sec   640 KBytes  5.25 Mbits/sec                  
[  8]  19.00-20.00  sec   640 KBytes  5.25 Mbits/sec                  
[SUM]  19.00-20.00  sec  1.25 MBytes  10.5 Mbits/sec                  
- - - - - - - - - - - - - - - - - - - - - - - - -
[  5]  20.00-21.00  sec   512 KBytes  4.19 Mbits/sec                  
[  8]  20.00-21.00  sec   512 KBytes  4.19 Mbits/sec                  
[SUM]  20.00-21.00  sec  1.00 MBytes  8.39 Mbits/sec                  
- - - - - - - - - - - - - - - - - - - - - - - - -
[  5]  21.00-22.00  sec   640 KBytes  5.24 Mbits/sec                  
[  8]  21.00-22.00  sec   640 KBytes  5.24 Mbits/sec                  
[SUM]  21.00-22.00  sec  1.25 MBytes  10.5 Mbits/sec                  
- - - - - - - - - - - - - - - - - - - - - - - - -
[  5]  22.00-23.00  sec   512 KBytes  4.20 Mbits/sec                  
[  8]  22.00-23.00  sec   512 KBytes  4.20 Mbits/sec                  
[SUM]  22.00-23.00  sec  1.00 MBytes  8.40 Mbits/sec                  
- - - - - - - - - - - - - - - - - - - - - - - - -
[  5]  23.00-24.00  sec   512 KBytes  4.19 Mbits/sec                  
[  8]  23.00-24.00  sec   512 KBytes  4.19 Mbits/sec                  
[SUM]  23.00-24.00  sec  1.00 MBytes  8.38 Mbits/sec                  
- - - - - - - - - - - - - - - - - - - - - - - - -
[  5]  24.00-25.00  sec   640 KBytes  5.24 Mbits/sec                  
[  8]  24.00-25.00  sec   640 KBytes  5.25 Mbits/sec                  
[SUM]  24.00-25.00  sec  1.25 MBytes  10.5 Mbits/sec                  
- - - - - - - - - - - - - - - - - - - - - - - - -
[  5]  25.00-26.00  sec   512 KBytes  4.19 Mbits/sec                  
[  8]  25.00-26.00  sec   512 KBytes  4.19 Mbits/sec                  
[SUM]  25.00-26.00  sec  1.00 MBytes  8.38 Mbits/sec                  
- - - - - - - - - - - - - - - - - - - - - - - - -
[  5]  26.00-27.00  sec   640 KBytes  5.24 Mbits/sec                  
[  8]  26.00-27.00  sec   640 KBytes  5.24 Mbits/sec                  
[SUM]  26.00-27.00  sec  1.25 MBytes  10.5 Mbits/sec                  
- - - - - - - - - - - - - - - - - - - - - - - - -
[  5]  27.00-28.00  sec   512 KBytes  4.20 Mbits/sec                  
[  8]  27.00-28.00  sec   512 KBytes  4.20 Mbits/sec                  
[SUM]  27.00-28.00  sec  1.00 MBytes  8.39 Mbits/sec                  
- - - - - - - - - - - - - - - - - - - - - - - - -
[  5]  28.00-29.00  sec   640 KBytes  5.24 Mbits/sec                  
[  8]  28.00-29.00  sec   640 KBytes  5.24 Mbits/sec                  
[SUM]  28.00-29.00  sec  1.25 MBytes  10.5 Mbits/sec                  
- - - - - - - - - - - - - - - - - - - - - - - - -
[  5]  29.00-30.00  sec   512 KBytes  4.20 Mbits/sec                  
[  8]  29.00-30.00  sec   512 KBytes  4.19 Mbits/sec                  
[SUM]  29.00-30.00  sec  1.00 MBytes  8.39 Mbits/sec                  
- - - - - - - - - - - - - - - - - - - - - - - - -
[  5]  30.00-31.00  sec   640 KBytes  5.24 Mbits/sec                  
[  8]  30.00-31.00  sec   640 KBytes  5.24 Mbits/sec                  
[SUM]  30.00-31.00  sec  1.25 MBytes  10.5 Mbits/sec                  
- - - - - - - - - - - - - - - - - - - - - - - - -
[  5]  31.00-32.00  sec   512 KBytes  4.20 Mbits/sec                  
[  8]  31.00-32.00  sec   512 KBytes  4.20 Mbits/sec                  
[SUM]  31.00-32.00  sec  1.00 MBytes  8.40 Mbits/sec                  
- - - - - - - - - - - - - - - - - - - - - - - - -
[  5]  32.00-33.00  sec   640 KBytes  5.24 Mbits/sec                  
[  8]  32.00-33.00  sec   640 KBytes  5.24 Mbits/sec                  
[SUM]  32.00-33.00  sec  1.25 MBytes  10.5 Mbits/sec                  
- - - - - - - - - - - - - - - - - - - - - - - - -
[  5]  33.00-34.00  sec   512 KBytes  4.19 Mbits/sec                  
[  8]  33.00-34.00  sec   512 KBytes  4.19 Mbits/sec                  
[SUM]  33.00-34.00  sec  1.00 MBytes  8.39 Mbits/sec                  
- - - - - - - - - - - - - - - - - - - - - - - - -
[  5]  34.00-35.00  sec   640 KBytes  5.24 Mbits/sec                  
[  8]  34.00-35.00  sec   640 KBytes  5.24 Mbits/sec                  
[SUM]  34.00-35.00  sec  1.25 MBytes  10.5 Mbits/sec                  
- - - - - - - - - - - - - - - - - - - - - - - - -
[  5]  35.00-36.00  sec   512 KBytes  4.20 Mbits/sec                  
[  8]  35.00-36.00  sec   512 KBytes  4.20 Mbits/sec                  
[SUM]  35.00-36.00  sec  1.00 MBytes  8.39 Mbits/sec                  
- - - - - - - - - - - - - - - - - - - - - - - - -
[  5]  36.00-37.01  sec   640 KBytes  5.20 Mbits/sec                  
[  8]  36.00-37.01  sec   640 KBytes  5.20 Mbits/sec                  
[SUM]  36.00-37.01  sec  1.25 MBytes  10.4 Mbits/sec                  
- - - - - - - - - - - - - - - - - - - - - - - - -
[  5]  37.01-38.00  sec   512 KBytes  4.22 Mbits/sec                  
[  8]  37.01-38.00  sec   512 KBytes  4.22 Mbits/sec                  
[SUM]  37.01-38.00  sec  1.00 MBytes  8.45 Mbits/sec                  
- - - - - - - - - - - - - - - - - - - - - - - - -
[  5]  38.00-39.00  sec   640 KBytes  5.25 Mbits/sec                  
[  8]  38.00-39.00  sec   640 KBytes  5.24 Mbits/sec                  
[SUM]  38.00-39.00  sec  1.25 MBytes  10.5 Mbits/sec                  
- - - - - - - - - - - - - - - - - - - - - - - - -
[  5]  39.00-40.00  sec   512 KBytes  4.19 Mbits/sec                  
[  8]  39.00-40.00  sec   512 KBytes  4.19 Mbits/sec                  
[SUM]  39.00-40.00  sec  1.00 MBytes  8.39 Mbits/sec                  
- - - - - - - - - - - - - - - - - - - - - - - - -
[  5]  40.00-40.05  sec  0.00 Bytes  0.00 bits/sec                  
[  8]  40.00-40.05  sec   128 KBytes  20.4 Mbits/sec                  
[SUM]  40.00-40.05  sec   128 KBytes  20.4 Mbits/sec                  
- - - - - - - - - - - - - - - - - - - - - - - - -
[ ID] Interval           Transfer     Bitrate
[  5]   0.00-40.05  sec  22.2 MBytes  4.66 Mbits/sec                  receiver
[  8]   0.00-40.05  sec  22.4 MBytes  4.69 Mbits/sec                  receiver
[SUM]   0.00-40.05  sec  44.6 MBytes  9.35 Mbits/sec                  receiver
-----------------------------------------------------------
Server listening on 5201 (test #2)
-----------------------------------------------------------
Accepted connection from 192.168.1.2, port 34212
[  5] local 192.168.2.2 port 5201 connected to 192.168.1.2 port 34222
[  8] local 192.168.2.2 port 5201 connected to 192.168.1.2 port 34230
[ 10] local 192.168.2.2 port 5201 connected to 192.168.1.2 port 34234
[ 12] local 192.168.2.2 port 5201 connected to 192.168.1.2 port 34246
[ 14] local 192.168.2.2 port 5201 connected to 192.168.1.2 port 34254
[ 16] local 192.168.2.2 port 5201 connected to 192.168.1.2 port 34262
[ 18] local 192.168.2.2 port 5201 connected to 192.168.1.2 port 34274
[ 20] local 192.168.2.2 port 5201 connected to 192.168.1.2 port 34288
[ 22] local 192.168.2.2 port 5201 connected to 192.168.1.2 port 34298
[ 24] local 192.168.2.2 port 5201 connected to 192.168.1.2 port 34314
[ 26] local 192.168.2.2 port 5201 connected to 192.168.1.2 port 34322
[ 28] local 192.168.2.2 port 5201 connected to 192.168.1.2 port 34330
[ 30] local 192.168.2.2 port 5201 connected to 192.168.1.2 port 34332
[ 32] local 192.168.2.2 port 5201 connected to 192.168.1.2 port 34340
[ 34] local 192.168.2.2 port 5201 connected to 192.168.1.2 port 34346
[ 36] local 192.168.2.2 port 5201 connected to 192.168.1.2 port 34358
[ 38] local 192.168.2.2 port 5201 connected to 192.168.1.2 port 34374
[ 40] local 192.168.2.2 port 5201 connected to 192.168.1.2 port 34388
[ 42] local 192.168.2.2 port 5201 connected to 192.168.1.2 port 34394
[ 44] local 192.168.2.2 port 5201 connected to 192.168.1.2 port 34410
[ 46] local 192.168.2.2 port 5201 connected to 192.168.1.2 port 34412
[ 48] local 192.168.2.2 port 5201 connected to 192.168.1.2 port 34416
[ 50] local 192.168.2.2 port 5201 connected to 192.168.1.2 port 34430
[ 52] local 192.168.2.2 port 5201 connected to 192.168.1.2 port 34432
[ ID] Interval           Transfer     Bitrate
[  5]   0.00-1.00   sec  0.00 Bytes  0.00 bits/sec                  
[  8]   0.00-1.00   sec  0.00 Bytes  0.00 bits/sec                  
[ 10]   0.00-1.00   sec  0.00 Bytes  0.00 bits/sec                  
[ 12]   0.00-1.00   sec  0.00 Bytes  0.00 bits/sec                  
[ 14]   0.00-1.00   sec  0.00 Bytes  0.00 bits/sec                  
[ 16]   0.00-1.00   sec  0.00 Bytes  0.00 bits/sec                  
[ 18]   0.00-1.00   sec  0.00 Bytes  0.00 bits/sec                  
[ 20]   0.00-1.00   sec  0.00 Bytes  0.00 bits/sec                  
[ 22]   0.00-1.00   sec  0.00 Bytes  0.00 bits/sec                  
[ 24]   0.00-1.00   sec  0.00 Bytes  0.00 bits/sec                  
[ 26]   0.00-1.00   sec  0.00 Bytes  0.00 bits/sec                  
[ 28]   0.00-1.00   sec  0.00 Bytes  0.00 bits/sec                  
[ 30]   0.00-1.00   sec  0.00 Bytes  0.00 bits/sec                  
[ 32]   0.00-1.00   sec  0.00 Bytes  0.00 bits/sec                  
[ 34]   0.00-1.00   sec  0.00 Bytes  0.00 bits/sec                  
[ 36]   0.00-1.00   sec  0.00 Bytes  0.00 bits/sec                  
[ 38]   0.00-1.00   sec  0.00 Bytes  0.00 bits/sec                  
[ 40]   0.00-1.00   sec  0.00 Bytes  0.00 bits/sec                  
[ 42]   0.00-1.00   sec  0.00 Bytes  0.00 bits/sec                  
[ 44]   0.00-1.00   sec  0.00 Bytes  0.00 bits/sec                  
[ 46]   0.00-1.00   sec  0.00 Bytes  0.00 bits/sec                  
[ 48]   0.00-1.00   sec  0.00 Bytes  0.00 bits/sec                  
[ 50]   0.00-1.00   sec  0.00 Bytes  0.00 bits/sec                  
[ 52]   0.00-1.00   sec  0.00 Bytes  0.00 bits/sec                  
[SUM]   0.00-1.00   sec  0.00 Bytes  0.00 bits/sec                  
- - - - - - - - - - - - - - - - - - - - - - - - -
[  5]   1.00-2.00   sec  0.00 Bytes  0.00 bits/sec                  
[  8]   1.00-2.00   sec  0.00 Bytes  0.00 bits/sec                  
[ 10]   1.00-2.00   sec  0.00 Bytes  0.00 bits/sec                  
[ 12]   1.00-2.00   sec  0.00 Bytes  0.00 bits/sec                  
[ 14]   1.00-2.00   sec  0.00 Bytes  0.00 bits/sec                  
[ 16]   1.00-2.00   sec  0.00 Bytes  0.00 bits/sec                  
[ 18]   1.00-2.00   sec  0.00 Bytes  0.00 bits/sec                  
[ 20]   1.00-2.00   sec  0.00 Bytes  0.00 bits/sec                  
[ 22]   1.00-2.00   sec  0.00 Bytes  0.00 bits/sec                  
[ 24]   1.00-2.00   sec  0.00 Bytes  0.00 bits/sec                  
[ 26]   1.00-2.00   sec  0.00 Bytes  0.00 bits/sec                  
[ 28]   1.00-2.00   sec  0.00 Bytes  0.00 bits/sec                  
[ 30]   1.00-2.00   sec  0.00 Bytes  0.00 bits/sec                  
[ 32]   1.00-2.00   sec  0.00 Bytes  0.00 bits/sec                  
[ 34]   1.00-2.00   sec  0.00 Bytes  0.00 bits/sec                  
[ 36]   1.00-2.00   sec  0.00 Bytes  0.00 bits/sec                  
[ 38]   1.00-2.00   sec  0.00 Bytes  0.00 bits/sec                  
[ 40]   1.00-2.00   sec  0.00 Bytes  0.00 bits/sec                  
[ 42]   1.00-2.00   sec  0.00 Bytes  0.00 bits/sec                  
[ 44]   1.00-2.00   sec  0.00 Bytes  0.00 bits/sec                  
[ 46]   1.00-2.00   sec  0.00 Bytes  0.00 bits/sec                  
[ 48]   1.00-2.00   sec  0.00 Bytes  0.00 bits/sec                  
[ 50]   1.00-2.00   sec  0.00 Bytes  0.00 bits/sec                  
[ 52]   1.00-2.00   sec  0.00 Bytes  0.00 bits/sec                  
[SUM]   1.00-2.00   sec  0.00 Bytes  0.00 bits/sec                  
- - - - - - - - - - - - - - - - - - - - - - - - -
[  5]   2.00-3.00   sec   128 KBytes  1.05 Mbits/sec                  
[  8]   2.00-3.00   sec   128 KBytes  1.05 Mbits/sec                  
[ 10]   2.00-3.00   sec   128 KBytes  1.05 Mbits/sec                  
[ 12]   2.00-3.00   sec   128 KBytes  1.05 Mbits/sec                  
[ 14]   2.00-3.00   sec   128 KBytes  1.05 Mbits/sec                  
[ 16]   2.00-3.00   sec   128 KBytes  1.05 Mbits/sec                  
[ 18]   2.00-3.00   sec  0.00 Bytes  0.00 bits/sec                  
[ 20]   2.00-3.00   sec  0.00 Bytes  0.00 bits/sec                  
[ 22]   2.00-3.00   sec  0.00 Bytes  0.00 bits/sec                  
[ 24]   2.00-3.00   sec  0.00 Bytes  0.00 bits/sec                  
[ 26]   2.00-3.00   sec  0.00 Bytes  0.00 bits/sec                  
[ 28]   2.00-3.00   sec   128 KBytes  1.05 Mbits/sec                  
[ 30]   2.00-3.00   sec   128 KBytes  1.05 Mbits/sec                  
[ 32]   2.00-3.00   sec   128 KBytes  1.05 Mbits/sec                  
[ 34]   2.00-3.00   sec   128 KBytes  1.05 Mbits/sec                  
[ 36]   2.00-3.00   sec   128 KBytes  1.05 Mbits/sec                  
[ 38]   2.00-3.00   sec   128 KBytes  1.05 Mbits/sec                  
[ 40]   2.00-3.00   sec   128 KBytes  1.05 Mbits/sec                  
[ 42]   2.00-3.00   sec  0.00 Bytes  0.00 bits/sec                  
[ 44]   2.00-3.00   sec   128 KBytes  1.05 Mbits/sec                  
[ 46]   2.00-3.00   sec   128 KBytes  1.05 Mbits/sec                  
[ 48]   2.00-3.00   sec   128 KBytes  1.05 Mbits/sec                  
[ 50]   2.00-3.00   sec   128 KBytes  1.05 Mbits/sec                  
[ 52]   2.00-3.00   sec   128 KBytes  1.05 Mbits/sec                  
[SUM]   2.00-3.00   sec  2.25 MBytes  18.9 Mbits/sec                  
- - - - - - - - - - - - - - - - - - - - - - - - -
[  5]   3.00-4.00   sec  0.00 Bytes  0.00 bits/sec                  
[  8]   3.00-4.00   sec  0.00 Bytes  0.00 bits/sec                  
[ 10]   3.00-4.00   sec  0.00 Bytes  0.00 bits/sec                  
[ 12]   3.00-4.00   sec  0.00 Bytes  0.00 bits/sec                  
[ 14]   3.00-4.00   sec  0.00 Bytes  0.00 bits/sec                  
[ 16]   3.00-4.00   sec  0.00 Bytes  0.00 bits/sec                  
[ 18]   3.00-4.00   sec   128 KBytes  1.05 Mbits/sec                  
[ 20]   3.00-4.00   sec   128 KBytes  1.05 Mbits/sec                  
[ 22]   3.00-4.00   sec   128 KBytes  1.05 Mbits/sec                  
[ 24]   3.00-4.00   sec   128 KBytes  1.05 Mbits/sec                  
[ 26]   3.00-4.00   sec   128 KBytes  1.05 Mbits/sec                  
[ 28]   3.00-4.00   sec  0.00 Bytes  0.00 bits/sec                  
[ 30]   3.00-4.00   sec  0.00 Bytes  0.00 bits/sec                  
[ 32]   3.00-4.00   sec  0.00 Bytes  0.00 bits/sec                  
[ 34]   3.00-4.00   sec  0.00 Bytes  0.00 bits/sec                  
[ 36]   3.00-4.00   sec  0.00 Bytes  0.00 bits/sec                  
[ 38]   3.00-4.00   sec  0.00 Bytes  0.00 bits/sec                  
[ 40]   3.00-4.00   sec  0.00 Bytes  0.00 bits/sec                  
[ 42]   3.00-4.00   sec   128 KBytes  1.05 Mbits/sec                  
[ 44]   3.00-4.00   sec  0.00 Bytes  0.00 bits/sec                  
[ 46]   3.00-4.00   sec  0.00 Bytes  0.00 bits/sec                  
[ 48]   3.00-4.00   sec  0.00 Bytes  0.00 bits/sec                  
[ 50]   3.00-4.00   sec  0.00 Bytes  0.00 bits/sec                  
[ 52]   3.00-4.00   sec  0.00 Bytes  0.00 bits/sec                  
[SUM]   3.00-4.00   sec   768 KBytes  6.30 Mbits/sec                  
- - - - - - - - - - - - - - - - - - - - - - - - -
[  5]   4.00-5.00   sec  0.00 Bytes  0.00 bits/sec                  
[  8]   4.00-5.00   sec  0.00 Bytes  0.00 bits/sec                  
[ 10]   4.00-5.00   sec  0.00 Bytes  0.00 bits/sec                  
[ 12]   4.00-5.00   sec  0.00 Bytes  0.00 bits/sec                  
[ 14]   4.00-5.00   sec  0.00 Bytes  0.00 bits/sec                  
[ 16]   4.00-5.00   sec  0.00 Bytes  0.00 bits/sec                  
[ 18]   4.00-5.00   sec  0.00 Bytes  0.00 bits/sec                  
[ 20]   4.00-5.00   sec  0.00 Bytes  0.00 bits/sec                  
[ 22]   4.00-5.00   sec  0.00 Bytes  0.00 bits/sec                  
[ 24]   4.00-5.00   sec  0.00 Bytes  0.00 bits/sec                  
[ 26]   4.00-5.00   sec  0.00 Bytes  0.00 bits/sec                  
[ 28]   4.00-5.00   sec  0.00 Bytes  0.00 bits/sec                  
[ 30]   4.00-5.00   sec  0.00 Bytes  0.00 bits/sec                  
[ 32]   4.00-5.00   sec  0.00 Bytes  0.00 bits/sec                  
[ 34]   4.00-5.00   sec  0.00 Bytes  0.00 bits/sec                  
[ 36]   4.00-5.00   sec   128 KBytes  1.05 Mbits/sec                  
[ 38]   4.00-5.00   sec   128 KBytes  1.05 Mbits/sec                  
[ 40]   4.00-5.00   sec  0.00 Bytes  0.00 bits/sec                  
[ 42]   4.00-5.00   sec  0.00 Bytes  0.00 bits/sec                  
[ 44]   4.00-5.00   sec  0.00 Bytes  0.00 bits/sec                  
[ 46]   4.00-5.00   sec  0.00 Bytes  0.00 bits/sec                  
[ 48]   4.00-5.00   sec  0.00 Bytes  0.00 bits/sec                  
[ 50]   4.00-5.00   sec  0.00 Bytes  0.00 bits/sec                  
[ 52]   4.00-5.00   sec  0.00 Bytes  0.00 bits/sec                  
[SUM]   4.00-5.00   sec   256 KBytes  2.10 Mbits/sec                  
- - - - - - - - - - - - - - - - - - - - - - - - -
[  5]   5.00-6.00   sec   128 KBytes  1.05 Mbits/sec                  
[  8]   5.00-6.00   sec   128 KBytes  1.05 Mbits/sec                  
[ 10]   5.00-6.00   sec   128 KBytes  1.05 Mbits/sec                  
[ 12]   5.00-6.00   sec   128 KBytes  1.05 Mbits/sec                  
[ 14]   5.00-6.00   sec   128 KBytes  1.05 Mbits/sec                  
[ 16]   5.00-6.00   sec   128 KBytes  1.05 Mbits/sec                  
[ 18]   5.00-6.00   sec  0.00 Bytes  0.00 bits/sec                  
[ 20]   5.00-6.00   sec   128 KBytes  1.05 Mbits/sec                  
[ 22]   5.00-6.00   sec  0.00 Bytes  0.00 bits/sec                  
[ 24]   5.00-6.00   sec  0.00 Bytes  0.00 bits/sec                  
[ 26]   5.00-6.00   sec   128 KBytes  1.05 Mbits/sec                  
[ 28]   5.00-6.00   sec   128 KBytes  1.05 Mbits/sec                  
[ 30]   5.00-6.00   sec   128 KBytes  1.05 Mbits/sec                  
[ 32]   5.00-6.00   sec   128 KBytes  1.05 Mbits/sec                  
[ 34]   5.00-6.00   sec   128 KBytes  1.05 Mbits/sec                  
[ 36]   5.00-6.00   sec  0.00 Bytes  0.00 bits/sec                  
[ 38]   5.00-6.00   sec  0.00 Bytes  0.00 bits/sec                  
[ 40]   5.00-6.00   sec   128 KBytes  1.05 Mbits/sec                  
[ 42]   5.00-6.00   sec   128 KBytes  1.05 Mbits/sec                  
[ 44]   5.00-6.00   sec   128 KBytes  1.05 Mbits/sec                  
[ 46]   5.00-6.00   sec   128 KBytes  1.05 Mbits/sec                  
[ 48]   5.00-6.00   sec   128 KBytes  1.05 Mbits/sec                  
[ 50]   5.00-6.00   sec   128 KBytes  1.05 Mbits/sec                  
[ 52]   5.00-6.00   sec   128 KBytes  1.05 Mbits/sec                  
[SUM]   5.00-6.00   sec  2.38 MBytes  19.9 Mbits/sec                  
- - - - - - - - - - - - - - - - - - - - - - - - -
[  5]   6.00-7.00   sec  0.00 Bytes  0.00 bits/sec                  
[  8]   6.00-7.00   sec  0.00 Bytes  0.00 bits/sec                  
[ 10]   6.00-7.00   sec  0.00 Bytes  0.00 bits/sec                  
[ 12]   6.00-7.00   sec  0.00 Bytes  0.00 bits/sec                  
[ 14]   6.00-7.00   sec  0.00 Bytes  0.00 bits/sec                  
[ 16]   6.00-7.00   sec  0.00 Bytes  0.00 bits/sec                  
[ 18]   6.00-7.00   sec   128 KBytes  1.05 Mbits/sec                  
[ 20]   6.00-7.00   sec  0.00 Bytes  0.00 bits/sec                  
[ 22]   6.00-7.00   sec   128 KBytes  1.05 Mbits/sec                  
[ 24]   6.00-7.00   sec   128 KBytes  1.05 Mbits/sec                  
[ 26]   6.00-7.00   sec  0.00 Bytes  0.00 bits/sec                  
[ 28]   6.00-7.00   sec  0.00 Bytes  0.00 bits/sec                  
[ 30]   6.00-7.00   sec  0.00 Bytes  0.00 bits/sec                  
[ 32]   6.00-7.00   sec  0.00 Bytes  0.00 bits/sec                  
[ 34]   6.00-7.00   sec  0.00 Bytes  0.00 bits/sec                  
[ 36]   6.00-7.00   sec  0.00 Bytes  0.00 bits/sec                  
[ 38]   6.00-7.00   sec  0.00 Bytes  0.00 bits/sec                  
[ 40]   6.00-7.00   sec  0.00 Bytes  0.00 bits/sec                  
[ 42]   6.00-7.00   sec  0.00 Bytes  0.00 bits/sec                  
[ 44]   6.00-7.00   sec  0.00 Bytes  0.00 bits/sec                  
[ 46]   6.00-7.00   sec  0.00 Bytes  0.00 bits/sec                  
[ 48]   6.00-7.00   sec  0.00 Bytes  0.00 bits/sec                  
[ 50]   6.00-7.00   sec  0.00 Bytes  0.00 bits/sec                  
[ 52]   6.00-7.00   sec  0.00 Bytes  0.00 bits/sec                  
[SUM]   6.00-7.00   sec   384 KBytes  3.15 Mbits/sec                  
- - - - - - - - - - - - - - - - - - - - - - - - -
[  5]   7.00-8.00   sec   128 KBytes  1.05 Mbits/sec                  
[  8]   7.00-8.00   sec  0.00 Bytes  0.00 bits/sec                  
[ 10]   7.00-8.00   sec   128 KBytes  1.05 Mbits/sec                  
[ 12]   7.00-8.00   sec  0.00 Bytes  0.00 bits/sec                  
[ 14]   7.00-8.00   sec   128 KBytes  1.05 Mbits/sec                  
[ 16]   7.00-8.00   sec  0.00 Bytes  0.00 bits/sec                  
[ 18]   7.00-8.00   sec  0.00 Bytes  0.00 bits/sec                  
[ 20]   7.00-8.00   sec  0.00 Bytes  0.00 bits/sec                  
[ 22]   7.00-8.00   sec  0.00 Bytes  0.00 bits/sec                  
[ 24]   7.00-8.00   sec  0.00 Bytes  0.00 bits/sec                  
[ 26]   7.00-8.00   sec  0.00 Bytes  0.00 bits/sec                  
[ 28]   7.00-8.00   sec   128 KBytes  1.05 Mbits/sec                  
[ 30]   7.00-8.00   sec  0.00 Bytes  0.00 bits/sec                  
[ 32]   7.00-8.00   sec  0.00 Bytes  0.00 bits/sec                  
[ 34]   7.00-8.00   sec  0.00 Bytes  0.00 bits/sec                  
[ 36]   7.00-8.00   sec   128 KBytes  1.05 Mbits/sec                  
[ 38]   7.00-8.00   sec   128 KBytes  1.05 Mbits/sec                  
[ 40]   7.00-8.00   sec  0.00 Bytes  0.00 bits/sec                  
[ 42]   7.00-8.00   sec  0.00 Bytes  0.00 bits/sec                  
[ 44]   7.00-8.00   sec   128 KBytes  1.05 Mbits/sec                  
[ 46]   7.00-8.00   sec   128 KBytes  1.05 Mbits/sec                  
[ 48]   7.00-8.00   sec  0.00 Bytes  0.00 bits/sec                  
[ 50]   7.00-8.00   sec  0.00 Bytes  0.00 bits/sec                  
[ 52]   7.00-8.00   sec   128 KBytes  1.05 Mbits/sec                  
[SUM]   7.00-8.00   sec  1.12 MBytes  9.43 Mbits/sec                  
- - - - - - - - - - - - - - - - - - - - - - - - -
[  5]   8.00-9.00   sec  0.00 Bytes  0.00 bits/sec                  
[  8]   8.00-9.00   sec   128 KBytes  1.05 Mbits/sec                  
[ 10]   8.00-9.00   sec  0.00 Bytes  0.00 bits/sec                  
[ 12]   8.00-9.00   sec   128 KBytes  1.05 Mbits/sec                  
[ 14]   8.00-9.00   sec  0.00 Bytes  0.00 bits/sec                  
[ 16]   8.00-9.00   sec   128 KBytes  1.05 Mbits/sec                  
[ 18]   8.00-9.00   sec  0.00 Bytes  0.00 bits/sec                  
[ 20]   8.00-9.00   sec   128 KBytes  1.05 Mbits/sec                  
[ 22]   8.00-9.00   sec  0.00 Bytes  0.00 bits/sec                  
[ 24]   8.00-9.00   sec  0.00 Bytes  0.00 bits/sec                  
[ 26]   8.00-9.00   sec   128 KBytes  1.05 Mbits/sec                  
[ 28]   8.00-9.00   sec  0.00 Bytes  0.00 bits/sec                  
[ 30]   8.00-9.00   sec   128 KBytes  1.05 Mbits/sec                  
[ 32]   8.00-9.00   sec   128 KBytes  1.05 Mbits/sec                  
[ 34]   8.00-9.00   sec   128 KBytes  1.05 Mbits/sec                  
[ 36]   8.00-9.00   sec  0.00 Bytes  0.00 bits/sec                  
[ 38]   8.00-9.00   sec  0.00 Bytes  0.00 bits/sec                  
[ 40]   8.00-9.00   sec   128 KBytes  1.05 Mbits/sec                  
[ 42]   8.00-9.00   sec   128 KBytes  1.05 Mbits/sec                  
[ 44]   8.00-9.00   sec  0.00 Bytes  0.00 bits/sec                  
[ 46]   8.00-9.00   sec  0.00 Bytes  0.00 bits/sec                  
[ 48]   8.00-9.00   sec   128 KBytes  1.05 Mbits/sec                  
[ 50]   8.00-9.00   sec   128 KBytes  1.05 Mbits/sec                  
[ 52]   8.00-9.00   sec  0.00 Bytes  0.00 bits/sec                  
[SUM]   8.00-9.00   sec  1.50 MBytes  12.6 Mbits/sec                  
- - - - - - - - - - - - - - - - - - - - - - - - -
[  5]   9.00-10.00  sec  0.00 Bytes  0.00 bits/sec                  
[  8]   9.00-10.00  sec  0.00 Bytes  0.00 bits/sec                  
[ 10]   9.00-10.00  sec  0.00 Bytes  0.00 bits/sec                  
[ 12]   9.00-10.00  sec  0.00 Bytes  0.00 bits/sec                  
[ 14]   9.00-10.00  sec  0.00 Bytes  0.00 bits/sec                  
[ 16]   9.00-10.00  sec  0.00 Bytes  0.00 bits/sec                  
[ 18]   9.00-10.00  sec   128 KBytes  1.05 Mbits/sec                  
[ 20]   9.00-10.00  sec  0.00 Bytes  0.00 bits/sec                  
[ 22]   9.00-10.00  sec   128 KBytes  1.05 Mbits/sec                  
[ 24]   9.00-10.00  sec   128 KBytes  1.05 Mbits/sec                  
[ 26]   9.00-10.00  sec  0.00 Bytes  0.00 bits/sec                  
[ 28]   9.00-10.00  sec  0.00 Bytes  0.00 bits/sec                  
[ 30]   9.00-10.00  sec  0.00 Bytes  0.00 bits/sec                  
[ 32]   9.00-10.00  sec  0.00 Bytes  0.00 bits/sec                  
[ 34]   9.00-10.00  sec  0.00 Bytes  0.00 bits/sec                  
[ 36]   9.00-10.00  sec  0.00 Bytes  0.00 bits/sec                  
[ 38]   9.00-10.00  sec  0.00 Bytes  0.00 bits/sec                  
[ 40]   9.00-10.00  sec  0.00 Bytes  0.00 bits/sec                  
[ 42]   9.00-10.00  sec  0.00 Bytes  0.00 bits/sec                  
[ 44]   9.00-10.00  sec  0.00 Bytes  0.00 bits/sec                  
[ 46]   9.00-10.00  sec  0.00 Bytes  0.00 bits/sec                  
[ 48]   9.00-10.00  sec  0.00 Bytes  0.00 bits/sec                  
[ 50]   9.00-10.00  sec  0.00 Bytes  0.00 bits/sec                  
[ 52]   9.00-10.00  sec  0.00 Bytes  0.00 bits/sec                  
[SUM]   9.00-10.00  sec   384 KBytes  3.15 Mbits/sec                  
- - - - - - - - - - - - - - - - - - - - - - - - -
[  5]  10.00-11.00  sec   128 KBytes  1.05 Mbits/sec                  
[  8]  10.00-11.00  sec   128 KBytes  1.05 Mbits/sec                  
[ 10]  10.00-11.00  sec   128 KBytes  1.05 Mbits/sec                  
[ 12]  10.00-11.00  sec  0.00 Bytes  0.00 bits/sec                  
[ 14]  10.00-11.00  sec   128 KBytes  1.05 Mbits/sec                  
[ 16]  10.00-11.00  sec   128 KBytes  1.05 Mbits/sec                  
[ 18]  10.00-11.00  sec  0.00 Bytes  0.00 bits/sec                  
[ 20]  10.00-11.00  sec   128 KBytes  1.05 Mbits/sec                  
[ 22]  10.00-11.00  sec  0.00 Bytes  0.00 bits/sec                  
[ 24]  10.00-11.00  sec  0.00 Bytes  0.00 bits/sec                  
[ 26]  10.00-11.00  sec  0.00 Bytes  0.00 bits/sec                  
[ 28]  10.00-11.00  sec   128 KBytes  1.05 Mbits/sec                  
[ 30]  10.00-11.00  sec   128 KBytes  1.05 Mbits/sec                  
[ 32]  10.00-11.00  sec  0.00 Bytes  0.00 bits/sec                  
[ 34]  10.00-11.00  sec   128 KBytes  1.05 Mbits/sec                  
[ 36]  10.00-11.00  sec   128 KBytes  1.05 Mbits/sec                  
[ 38]  10.00-11.00  sec   128 KBytes  1.05 Mbits/sec                  
[ 40]  10.00-11.00  sec  0.00 Bytes  0.00 bits/sec                  
[ 42]  10.00-11.00  sec   128 KBytes  1.05 Mbits/sec                  
[ 44]  10.00-11.00  sec   128 KBytes  1.05 Mbits/sec                  
[ 46]  10.00-11.00  sec   128 KBytes  1.05 Mbits/sec                  
[ 48]  10.00-11.00  sec   128 KBytes  1.05 Mbits/sec                  
[ 50]  10.00-11.00  sec   128 KBytes  1.05 Mbits/sec                  
[ 52]  10.00-11.00  sec   128 KBytes  1.05 Mbits/sec                  
[SUM]  10.00-11.00  sec  2.12 MBytes  17.8 Mbits/sec                  
- - - - - - - - - - - - - - - - - - - - - - - - -
[  5]  11.00-12.00  sec  0.00 Bytes  0.00 bits/sec                  
[  8]  11.00-12.00  sec  0.00 Bytes  0.00 bits/sec                  
[ 10]  11.00-12.00  sec  0.00 Bytes  0.00 bits/sec                  
[ 12]  11.00-12.00  sec   128 KBytes  1.05 Mbits/sec                  
[ 14]  11.00-12.00  sec  0.00 Bytes  0.00 bits/sec                  
[ 16]  11.00-12.00  sec  0.00 Bytes  0.00 bits/sec                  
[ 18]  11.00-12.00  sec  0.00 Bytes  0.00 bits/sec                  
[ 20]  11.00-12.00  sec  0.00 Bytes  0.00 bits/sec                  
[ 22]  11.00-12.00  sec   128 KBytes  1.05 Mbits/sec                  
[ 24]  11.00-12.00  sec  0.00 Bytes  0.00 bits/sec                  
[ 26]  11.00-12.00  sec   128 KBytes  1.05 Mbits/sec                  
[ 28]  11.00-12.00  sec  0.00 Bytes  0.00 bits/sec                  
[ 30]  11.00-12.00  sec  0.00 Bytes  0.00 bits/sec                  
[ 32]  11.00-12.00  sec   128 KBytes  1.05 Mbits/sec                  
[ 34]  11.00-12.00  sec  0.00 Bytes  0.00 bits/sec                  
[ 36]  11.00-12.00  sec  0.00 Bytes  0.00 bits/sec                  
[ 38]  11.00-12.00  sec  0.00 Bytes  0.00 bits/sec                  
[ 40]  11.00-12.00  sec   128 KBytes  1.05 Mbits/sec                  
[ 42]  11.00-12.00  sec  0.00 Bytes  0.00 bits/sec                  
[ 44]  11.00-12.00  sec  0.00 Bytes  0.00 bits/sec                  
[ 46]  11.00-12.00  sec  0.00 Bytes  0.00 bits/sec                  
[ 48]  11.00-12.00  sec  0.00 Bytes  0.00 bits/sec                  
[ 50]  11.00-12.00  sec  0.00 Bytes  0.00 bits/sec                  
[ 52]  11.00-12.00  sec  0.00 Bytes  0.00 bits/sec                  
[SUM]  11.00-12.00  sec   640 KBytes  5.24 Mbits/sec                  
- - - - - - - - - - - - - - - - - - - - - - - - -
[  5]  12.00-13.00  sec   128 KBytes  1.05 Mbits/sec                  
[  8]  12.00-13.00  sec  0.00 Bytes  0.00 bits/sec                  
[ 10]  12.00-13.00  sec   128 KBytes  1.05 Mbits/sec                  
[ 12]  12.00-13.00  sec  0.00 Bytes  0.00 bits/sec                  
[ 14]  12.00-13.00  sec   128 KBytes  1.05 Mbits/sec                  
[ 16]  12.00-13.00  sec  0.00 Bytes  0.00 bits/sec                  
[ 18]  12.00-13.00  sec   128 KBytes  1.05 Mbits/sec                  
[ 20]  12.00-13.00  sec  0.00 Bytes  0.00 bits/sec                  
[ 22]  12.00-13.00  sec  0.00 Bytes  0.00 bits/sec                  
[ 24]  12.00-13.00  sec   128 KBytes  1.05 Mbits/sec                  
[ 26]  12.00-13.00  sec  0.00 Bytes  0.00 bits/sec                  
[ 28]  12.00-13.00  sec  0.00 Bytes  0.00 bits/sec                  
[ 30]  12.00-13.00  sec  0.00 Bytes  0.00 bits/sec                  
[ 32]  12.00-13.00  sec  0.00 Bytes  0.00 bits/sec                  
[ 34]  12.00-13.00  sec  0.00 Bytes  0.00 bits/sec                  
[ 36]  12.00-13.00  sec   128 KBytes  1.05 Mbits/sec                  
[ 38]  12.00-13.00  sec  0.00 Bytes  0.00 bits/sec                  
[ 40]  12.00-13.00  sec  0.00 Bytes  0.00 bits/sec                  
[ 42]  12.00-13.00  sec  0.00 Bytes  0.00 bits/sec                  
[ 44]  12.00-13.00  sec   128 KBytes  1.05 Mbits/sec                  
[ 46]  12.00-13.00  sec  0.00 Bytes  0.00 bits/sec                  
[ 48]  12.00-13.00  sec  0.00 Bytes  0.00 bits/sec                  
[ 50]  12.00-13.00  sec  0.00 Bytes  0.00 bits/sec                  
[ 52]  12.00-13.00  sec  0.00 Bytes  0.00 bits/sec                  
[SUM]  12.00-13.00  sec   896 KBytes  7.34 Mbits/sec                  
- - - - - - - - - - - - - - - - - - - - - - - - -
[  5]  13.00-14.00  sec  0.00 Bytes  0.00 bits/sec                  
[  8]  13.00-14.00  sec   128 KBytes  1.05 Mbits/sec                  
[ 10]  13.00-14.00  sec  0.00 Bytes  0.00 bits/sec                  
[ 12]  13.00-14.00  sec   128 KBytes  1.05 Mbits/sec                  
[ 14]  13.00-14.00  sec  0.00 Bytes  0.00 bits/sec                  
[ 16]  13.00-14.00  sec   128 KBytes  1.05 Mbits/sec                  
[ 18]  13.00-14.00  sec  0.00 Bytes  0.00 bits/sec                  
[ 20]  13.00-14.00  sec   128 KBytes  1.05 Mbits/sec                  
[ 22]  13.00-14.00  sec  0.00 Bytes  0.00 bits/sec                  
[ 24]  13.00-14.00  sec  0.00 Bytes  0.00 bits/sec                  
[ 26]  13.00-14.00  sec  0.00 Bytes  0.00 bits/sec                  
[ 28]  13.00-14.00  sec   128 KBytes  1.05 Mbits/sec                  
[ 30]  13.00-14.00  sec   128 KBytes  1.05 Mbits/sec                  
[ 32]  13.00-14.00  sec   128 KBytes  1.05 Mbits/sec                  
[ 34]  13.00-14.00  sec   128 KBytes  1.05 Mbits/sec                  
[ 36]  13.00-14.00  sec  0.00 Bytes  0.00 bits/sec                  
[ 38]  13.00-14.00  sec   128 KBytes  1.05 Mbits/sec                  
[ 40]  13.00-14.00  sec   128 KBytes  1.05 Mbits/sec                  
[ 42]  13.00-14.00  sec   128 KBytes  1.05 Mbits/sec                  
[ 44]  13.00-14.00  sec  0.00 Bytes  0.00 bits/sec                  
[ 46]  13.00-14.00  sec   128 KBytes  1.05 Mbits/sec                  
[ 48]  13.00-14.00  sec   128 KBytes  1.05 Mbits/sec                  
[ 50]  13.00-14.00  sec   128 KBytes  1.05 Mbits/sec                  
[ 52]  13.00-14.00  sec   128 KBytes  1.05 Mbits/sec                  
[SUM]  13.00-14.00  sec  1.88 MBytes  15.7 Mbits/sec                  
- - - - - - - - - - - - - - - - - - - - - - - - -
[  5]  14.00-15.00  sec  0.00 Bytes  0.00 bits/sec                  
[  8]  14.00-15.00  sec  0.00 Bytes  0.00 bits/sec                  
[ 10]  14.00-15.00  sec  0.00 Bytes  0.00 bits/sec                  
[ 12]  14.00-15.00  sec  0.00 Bytes  0.00 bits/sec                  
[ 14]  14.00-15.00  sec  0.00 Bytes  0.00 bits/sec                  
[ 16]  14.00-15.00  sec  0.00 Bytes  0.00 bits/sec                  
[ 18]  14.00-15.00  sec   128 KBytes  1.05 Mbits/sec                  
[ 20]  14.00-15.00  sec  0.00 Bytes  0.00 bits/sec                  
[ 22]  14.00-15.00  sec   128 KBytes  1.05 Mbits/sec                  
[ 24]  14.00-15.00  sec   128 KBytes  1.05 Mbits/sec                  
[ 26]  14.00-15.00  sec   128 KBytes  1.05 Mbits/sec                  
[ 28]  14.00-15.00  sec  0.00 Bytes  0.00 bits/sec                  
[ 30]  14.00-15.00  sec  0.00 Bytes  0.00 bits/sec                  
[ 32]  14.00-15.00  sec  0.00 Bytes  0.00 bits/sec                  
[ 34]  14.00-15.00  sec  0.00 Bytes  0.00 bits/sec                  
[ 36]  14.00-15.00  sec  0.00 Bytes  0.00 bits/sec                  
[ 38]  14.00-15.00  sec  0.00 Bytes  0.00 bits/sec                  
[ 40]  14.00-15.00  sec  0.00 Bytes  0.00 bits/sec                  
[ 42]  14.00-15.00  sec  0.00 Bytes  0.00 bits/sec                  
[ 44]  14.00-15.00  sec  0.00 Bytes  0.00 bits/sec                  
[ 46]  14.00-15.00  sec  0.00 Bytes  0.00 bits/sec                  
[ 48]  14.00-15.00  sec  0.00 Bytes  0.00 bits/sec                  
[ 50]  14.00-15.00  sec  0.00 Bytes  0.00 bits/sec                  
[ 52]  14.00-15.00  sec  0.00 Bytes  0.00 bits/sec                  
[SUM]  14.00-15.00  sec   512 KBytes  4.20 Mbits/sec                  
- - - - - - - - - - - - - - - - - - - - - - - - -
[  5]  15.00-16.00  sec   128 KBytes  1.05 Mbits/sec                  
[  8]  15.00-16.00  sec  0.00 Bytes  0.00 bits/sec                  
[ 10]  15.00-16.00  sec   128 KBytes  1.05 Mbits/sec                  
[ 12]  15.00-16.00  sec  0.00 Bytes  0.00 bits/sec                  
[ 14]  15.00-16.00  sec   128 KBytes  1.05 Mbits/sec                  
[ 16]  15.00-16.00  sec  0.00 Bytes  0.00 bits/sec                  
[ 18]  15.00-16.00  sec  0.00 Bytes  0.00 bits/sec                  
[ 20]  15.00-16.00  sec  0.00 Bytes  0.00 bits/sec                  
[ 22]  15.00-16.00  sec  0.00 Bytes  0.00 bits/sec                  
[ 24]  15.00-16.00  sec  0.00 Bytes  0.00 bits/sec                  
[ 26]  15.00-16.00  sec  0.00 Bytes  0.00 bits/sec                  
[ 28]  15.00-16.00  sec   128 KBytes  1.05 Mbits/sec                  
[ 30]  15.00-16.00  sec   128 KBytes  1.05 Mbits/sec                  
[ 32]  15.00-16.00  sec  0.00 Bytes  0.00 bits/sec                  
[ 34]  15.00-16.00  sec  0.00 Bytes  0.00 bits/sec                  
[ 36]  15.00-16.01  sec   128 KBytes  1.04 Mbits/sec                  
[ 38]  15.00-16.01  sec   128 KBytes  1.04 Mbits/sec                  
[ 40]  15.00-16.01  sec  0.00 Bytes  0.00 bits/sec                  
[ 42]  15.00-16.01  sec  0.00 Bytes  0.00 bits/sec                  
[ 44]  15.00-16.01  sec   128 KBytes  1.04 Mbits/sec                  
[ 46]  15.00-16.01  sec   128 KBytes  1.04 Mbits/sec                  
[ 48]  15.00-16.01  sec  0.00 Bytes  0.00 bits/sec                  
[ 50]  15.00-16.01  sec  0.00 Bytes  0.00 bits/sec                  
[ 52]  15.00-16.01  sec   128 KBytes  1.04 Mbits/sec                  
[SUM]  15.00-16.00  sec  1.25 MBytes  10.5 Mbits/sec                  
- - - - - - - - - - - - - - - - - - - - - - - - -
[  5]  16.00-17.00  sec  0.00 Bytes  0.00 bits/sec                  
[  8]  16.00-17.00  sec   128 KBytes  1.05 Mbits/sec                  
[ 10]  16.00-17.00  sec  0.00 Bytes  0.00 bits/sec                  
[ 12]  16.00-17.00  sec   128 KBytes  1.05 Mbits/sec                  
[ 14]  16.00-17.00  sec  0.00 Bytes  0.00 bits/sec                  
[ 16]  16.00-17.00  sec   128 KBytes  1.05 Mbits/sec                  
[ 18]  16.00-17.00  sec  0.00 Bytes  0.00 bits/sec                  
[ 20]  16.00-17.00  sec   128 KBytes  1.05 Mbits/sec                  
[ 22]  16.00-17.00  sec  0.00 Bytes  0.00 bits/sec                  
[ 24]  16.00-17.00  sec  0.00 Bytes  0.00 bits/sec                  
[ 26]  16.00-17.00  sec   128 KBytes  1.05 Mbits/sec                  
[ 28]  16.00-17.00  sec  0.00 Bytes  0.00 bits/sec                  
[ 30]  16.00-17.00  sec  0.00 Bytes  0.00 bits/sec                  
[ 32]  16.00-17.00  sec   128 KBytes  1.05 Mbits/sec                  
[ 34]  16.00-17.00  sec   128 KBytes  1.05 Mbits/sec                  
[ 36]  16.01-17.00  sec  0.00 Bytes  0.00 bits/sec                  
[ 38]  16.01-17.00  sec  0.00 Bytes  0.00 bits/sec                  
[ 40]  16.01-17.00  sec   128 KBytes  1.05 Mbits/sec                  
[ 42]  16.01-17.00  sec  0.00 Bytes  0.00 bits/sec                  
[ 44]  16.01-17.00  sec  0.00 Bytes  0.00 bits/sec                  
[ 46]  16.01-17.00  sec  0.00 Bytes  0.00 bits/sec                  
[ 48]  16.01-17.00  sec   128 KBytes  1.05 Mbits/sec                  
[ 50]  16.01-17.00  sec   128 KBytes  1.05 Mbits/sec                  
[ 52]  16.01-17.00  sec  0.00 Bytes  0.00 bits/sec                  
[SUM]  16.00-17.00  sec  1.25 MBytes  10.5 Mbits/sec                  
- - - - - - - - - - - - - - - - - - - - - - - - -
[  5]  17.00-18.00  sec  0.00 Bytes  0.00 bits/sec                  
[  8]  17.00-18.00  sec  0.00 Bytes  0.00 bits/sec                  
[ 10]  17.00-18.00  sec  0.00 Bytes  0.00 bits/sec                  
[ 12]  17.00-18.00  sec  0.00 Bytes  0.00 bits/sec                  
[ 14]  17.00-18.00  sec   128 KBytes  1.05 Mbits/sec                  
[ 16]  17.00-18.00  sec  0.00 Bytes  0.00 bits/sec                  
[ 18]  17.00-18.00  sec   128 KBytes  1.05 Mbits/sec                  
[ 20]  17.00-18.00  sec  0.00 Bytes  0.00 bits/sec                  
[ 22]  17.00-18.00  sec   128 KBytes  1.05 Mbits/sec                  
[ 24]  17.00-18.00  sec   128 KBytes  1.05 Mbits/sec                  
[ 26]  17.00-18.00  sec  0.00 Bytes  0.00 bits/sec                  
[ 28]  17.00-18.00  sec  0.00 Bytes  0.00 bits/sec                  
[ 30]  17.00-18.00  sec  0.00 Bytes  0.00 bits/sec                  
[ 32]  17.00-18.00  sec  0.00 Bytes  0.00 bits/sec                  
[ 34]  17.00-18.00  sec  0.00 Bytes  0.00 bits/sec                  
[ 36]  17.00-18.00  sec   128 KBytes  1.05 Mbits/sec                  
[ 38]  17.00-18.00  sec  0.00 Bytes  0.00 bits/sec                  
[ 40]  17.00-18.00  sec  0.00 Bytes  0.00 bits/sec                  
[ 42]  17.00-18.00  sec   128 KBytes  1.05 Mbits/sec                  
[ 44]  17.00-18.00  sec  0.00 Bytes  0.00 bits/sec                  
[ 46]  17.00-18.00  sec  0.00 Bytes  0.00 bits/sec                  
[ 48]  17.00-18.00  sec  0.00 Bytes  0.00 bits/sec                  
[ 50]  17.00-18.00  sec  0.00 Bytes  0.00 bits/sec                  
[ 52]  17.00-18.00  sec  0.00 Bytes  0.00 bits/sec                  
[SUM]  17.00-18.00  sec   768 KBytes  6.29 Mbits/sec                  
- - - - - - - - - - - - - - - - - - - - - - - - -
[  5]  18.00-19.00  sec   128 KBytes  1.05 Mbits/sec                  
[  8]  18.00-19.00  sec  0.00 Bytes  0.00 bits/sec                  
[ 10]  18.00-19.00  sec   128 KBytes  1.05 Mbits/sec                  
[ 12]  18.00-19.00  sec  0.00 Bytes  0.00 bits/sec                  
[ 14]  18.00-19.00  sec  0.00 Bytes  0.00 bits/sec                  
[ 16]  18.00-19.00  sec   128 KBytes  1.05 Mbits/sec                  
[ 18]  18.00-19.00  sec  0.00 Bytes  0.00 bits/sec                  
[ 20]  18.00-19.00  sec  0.00 Bytes  0.00 bits/sec                  
[ 22]  18.00-19.00  sec  0.00 Bytes  0.00 bits/sec                  
[ 24]  18.00-19.00  sec  0.00 Bytes  0.00 bits/sec                  
[ 26]  18.00-19.00  sec  0.00 Bytes  0.00 bits/sec                  
[ 28]  18.00-19.00  sec   128 KBytes  1.05 Mbits/sec                  
[ 30]  18.00-19.00  sec   128 KBytes  1.05 Mbits/sec                  
[ 32]  18.00-19.00  sec   128 KBytes  1.05 Mbits/sec                  
[ 34]  18.00-19.00  sec   128 KBytes  1.05 Mbits/sec                  
[ 36]  18.00-19.00  sec  0.00 Bytes  0.00 bits/sec                  
[ 38]  18.00-19.00  sec   128 KBytes  1.05 Mbits/sec                  
[ 40]  18.00-19.00  sec  0.00 Bytes  0.00 bits/sec                  
[ 42]  18.00-19.00  sec  0.00 Bytes  0.00 bits/sec                  
[ 44]  18.00-19.00  sec   128 KBytes  1.05 Mbits/sec                  
[ 46]  18.00-19.00  sec   128 KBytes  1.05 Mbits/sec                  
[ 48]  18.00-19.00  sec   128 KBytes  1.05 Mbits/sec                  
[ 50]  18.00-19.00  sec   128 KBytes  1.05 Mbits/sec                  
[ 52]  18.00-19.00  sec   128 KBytes  1.05 Mbits/sec                  
[SUM]  18.00-19.00  sec  1.62 MBytes  13.6 Mbits/sec                  
- - - - - - - - - - - - - - - - - - - - - - - - -
[  5]  19.00-20.00  sec  0.00 Bytes  0.00 bits/sec                  
[  8]  19.00-20.00  sec   128 KBytes  1.05 Mbits/sec                  
[ 10]  19.00-20.00  sec  0.00 Bytes  0.00 bits/sec                  
[ 12]  19.00-20.00  sec   128 KBytes  1.05 Mbits/sec                  
[ 14]  19.00-20.00  sec  0.00 Bytes  0.00 bits/sec                  
[ 16]  19.00-20.00  sec  0.00 Bytes  0.00 bits/sec                  
[ 18]  19.00-20.00  sec  0.00 Bytes  0.00 bits/sec                  
[ 20]  19.00-20.00  sec   128 KBytes  1.05 Mbits/sec                  
[ 22]  19.00-20.00  sec   128 KBytes  1.05 Mbits/sec                  
[ 24]  19.00-20.00  sec  0.00 Bytes  0.00 bits/sec                  
[ 26]  19.00-20.00  sec   128 KBytes  1.05 Mbits/sec                  
[ 28]  19.00-20.00  sec  0.00 Bytes  0.00 bits/sec                  
[ 30]  19.00-20.00  sec  0.00 Bytes  0.00 bits/sec                  
[ 32]  19.00-20.00  sec  0.00 Bytes  0.00 bits/sec                  
[ 34]  19.00-20.00  sec  0.00 Bytes  0.00 bits/sec                  
[ 36]  19.00-20.00  sec  0.00 Bytes  0.00 bits/sec                  
[ 38]  19.00-20.00  sec  0.00 Bytes  0.00 bits/sec                  
[ 40]  19.00-20.00  sec   128 KBytes  1.05 Mbits/sec                  
[ 42]  19.00-20.00  sec   128 KBytes  1.05 Mbits/sec                  
[ 44]  19.00-20.00  sec  0.00 Bytes  0.00 bits/sec                  
[ 46]  19.00-20.00  sec  0.00 Bytes  0.00 bits/sec                  
[ 48]  19.00-20.00  sec  0.00 Bytes  0.00 bits/sec                  
[ 50]  19.00-20.00  sec  0.00 Bytes  0.00 bits/sec                  
[ 52]  19.00-20.00  sec  0.00 Bytes  0.00 bits/sec                  
[SUM]  19.00-20.00  sec   896 KBytes  7.33 Mbits/sec                  
- - - - - - - - - - - - - - - - - - - - - - - - -
[  5]  20.00-21.00  sec   128 KBytes  1.05 Mbits/sec                  
[  8]  20.00-21.00  sec  0.00 Bytes  0.00 bits/sec                  
[ 10]  20.00-21.00  sec   128 KBytes  1.05 Mbits/sec                  
[ 12]  20.00-21.00  sec  0.00 Bytes  0.00 bits/sec                  
[ 14]  20.00-21.00  sec   128 KBytes  1.05 Mbits/sec                  
[ 16]  20.00-21.00  sec  0.00 Bytes  0.00 bits/sec                  
[ 18]  20.00-21.00  sec   128 KBytes  1.05 Mbits/sec                  
[ 20]  20.00-21.00  sec  0.00 Bytes  0.00 bits/sec                  
[ 22]  20.00-21.00  sec  0.00 Bytes  0.00 bits/sec                  
[ 24]  20.00-21.00  sec   128 KBytes  1.05 Mbits/sec                  
[ 26]  20.00-21.00  sec  0.00 Bytes  0.00 bits/sec                  
[ 28]  20.00-21.00  sec  0.00 Bytes  0.00 bits/sec                  
[ 30]  20.00-21.00  sec  0.00 Bytes  0.00 bits/sec                  
[ 32]  20.00-21.00  sec  0.00 Bytes  0.00 bits/sec                  
[ 34]  20.00-21.00  sec  0.00 Bytes  0.00 bits/sec                  
[ 36]  20.00-21.00  sec   128 KBytes  1.05 Mbits/sec                  
[ 38]  20.00-21.00  sec  0.00 Bytes  0.00 bits/sec                  
[ 40]  20.00-21.00  sec  0.00 Bytes  0.00 bits/sec                  
[ 42]  20.00-21.00  sec  0.00 Bytes  0.00 bits/sec                  
[ 44]  20.00-21.00  sec   128 KBytes  1.05 Mbits/sec                  
[ 46]  20.00-21.00  sec  0.00 Bytes  0.00 bits/sec                  
[ 48]  20.00-21.00  sec  0.00 Bytes  0.00 bits/sec                  
[ 50]  20.00-21.00  sec  0.00 Bytes  0.00 bits/sec                  
[ 52]  20.00-21.00  sec  0.00 Bytes  0.00 bits/sec                  
[SUM]  20.00-21.00  sec   896 KBytes  7.35 Mbits/sec                  
- - - - - - - - - - - - - - - - - - - - - - - - -
[  5]  21.00-22.00  sec  0.00 Bytes  0.00 bits/sec                  
[  8]  21.00-22.00  sec   128 KBytes  1.05 Mbits/sec                  
[ 10]  21.00-22.00  sec  0.00 Bytes  0.00 bits/sec                  
[ 12]  21.00-22.00  sec  0.00 Bytes  0.00 bits/sec                  
[ 14]  21.00-22.00  sec  0.00 Bytes  0.00 bits/sec                  
[ 16]  21.00-22.00  sec   128 KBytes  1.05 Mbits/sec                  
[ 18]  21.00-22.00  sec  0.00 Bytes  0.00 bits/sec                  
[ 20]  21.00-22.00  sec   128 KBytes  1.05 Mbits/sec                  
[ 22]  21.00-22.00  sec  0.00 Bytes  0.00 bits/sec                  
[ 24]  21.00-22.00  sec  0.00 Bytes  0.00 bits/sec                  
[ 26]  21.00-22.00  sec  0.00 Bytes  0.00 bits/sec                  
[ 28]  21.00-22.00  sec   128 KBytes  1.05 Mbits/sec                  
[ 30]  21.00-22.00  sec   128 KBytes  1.05 Mbits/sec                  
[ 32]  21.00-22.00  sec   128 KBytes  1.05 Mbits/sec                  
[ 34]  21.00-22.00  sec   128 KBytes  1.05 Mbits/sec                  
[ 36]  21.00-22.00  sec  0.00 Bytes  0.00 bits/sec                  
[ 38]  21.00-22.00  sec   128 KBytes  1.05 Mbits/sec                  
[ 40]  21.00-22.00  sec   128 KBytes  1.05 Mbits/sec                  
[ 42]  21.00-22.00  sec  0.00 Bytes  0.00 bits/sec                  
[ 44]  21.00-22.00  sec  0.00 Bytes  0.00 bits/sec                  
[ 46]  21.00-22.00  sec   128 KBytes  1.05 Mbits/sec                  
[ 48]  21.00-22.00  sec   128 KBytes  1.05 Mbits/sec                  
[ 50]  21.00-22.00  sec   128 KBytes  1.05 Mbits/sec                  
[ 52]  21.00-22.00  sec   128 KBytes  1.05 Mbits/sec                  
[SUM]  21.00-22.00  sec  1.62 MBytes  13.6 Mbits/sec                  
- - - - - - - - - - - - - - - - - - - - - - - - -
[  5]  22.00-23.00  sec  0.00 Bytes  0.00 bits/sec                  
[  8]  22.00-23.00  sec  0.00 Bytes  0.00 bits/sec                  
[ 10]  22.00-23.00  sec  0.00 Bytes  0.00 bits/sec                  
[ 12]  22.00-23.00  sec   128 KBytes  1.05 Mbits/sec                  
[ 14]  22.00-23.00  sec   128 KBytes  1.05 Mbits/sec                  
[ 16]  22.00-23.00  sec  0.00 Bytes  0.00 bits/sec                  
[ 18]  22.00-23.00  sec   128 KBytes  1.05 Mbits/sec                  
[ 20]  22.00-23.00  sec  0.00 Bytes  0.00 bits/sec                  
[ 22]  22.00-23.00  sec  0.00 Bytes  0.00 bits/sec                  
[ 24]  22.00-23.00  sec   128 KBytes  1.05 Mbits/sec                  
[ 26]  22.00-23.00  sec   128 KBytes  1.05 Mbits/sec                  
[ 28]  22.00-23.00  sec  0.00 Bytes  0.00 bits/sec                  
[ 30]  22.00-23.00  sec  0.00 Bytes  0.00 bits/sec                  
[ 32]  22.00-23.00  sec  0.00 Bytes  0.00 bits/sec                  
[ 34]  22.00-23.00  sec  0.00 Bytes  0.00 bits/sec                  
[ 36]  22.00-23.00  sec  0.00 Bytes  0.00 bits/sec                  
[ 38]  22.00-23.00  sec  0.00 Bytes  0.00 bits/sec                  
[ 40]  22.00-23.00  sec  0.00 Bytes  0.00 bits/sec                  
[ 42]  22.00-23.00  sec   128 KBytes  1.05 Mbits/sec                  
[ 44]  22.00-23.00  sec  0.00 Bytes  0.00 bits/sec                  
[ 46]  22.00-23.00  sec  0.00 Bytes  0.00 bits/sec                  
[ 48]  22.00-23.00  sec  0.00 Bytes  0.00 bits/sec                  
[ 50]  22.00-23.00  sec  0.00 Bytes  0.00 bits/sec                  
[ 52]  22.00-23.00  sec  0.00 Bytes  0.00 bits/sec                  
[SUM]  22.00-23.00  sec   768 KBytes  6.29 Mbits/sec                  
- - - - - - - - - - - - - - - - - - - - - - - - -
[  5]  23.00-24.00  sec   128 KBytes  1.05 Mbits/sec                  
[  8]  23.00-24.00  sec   128 KBytes  1.05 Mbits/sec                  
[ 10]  23.00-24.00  sec  0.00 Bytes  0.00 bits/sec                  
[ 12]  23.00-24.00  sec  0.00 Bytes  0.00 bits/sec                  
[ 14]  23.00-24.00  sec  0.00 Bytes  0.00 bits/sec                  
[ 16]  23.00-24.00  sec  0.00 Bytes  0.00 bits/sec                  
[ 18]  23.00-24.00  sec  0.00 Bytes  0.00 bits/sec                  
[ 20]  23.00-24.00  sec  0.00 Bytes  0.00 bits/sec                  
[ 22]  23.00-24.00  sec   128 KBytes  1.05 Mbits/sec                  
[ 24]  23.00-24.00  sec  0.00 Bytes  0.00 bits/sec                  
[ 26]  23.00-24.00  sec  0.00 Bytes  0.00 bits/sec                  
[ 28]  23.00-24.00  sec   128 KBytes  1.05 Mbits/sec                  
[ 30]  23.00-24.00  sec   128 KBytes  1.05 Mbits/sec                  
[ 32]  23.00-24.00  sec   128 KBytes  1.05 Mbits/sec                  
[ 34]  23.00-24.00  sec  0.00 Bytes  0.00 bits/sec                  
[ 36]  23.00-24.00  sec   128 KBytes  1.05 Mbits/sec                  
[ 38]  23.00-24.00  sec   128 KBytes  1.05 Mbits/sec                  
[ 40]  23.00-24.00  sec  0.00 Bytes  0.00 bits/sec                  
[ 42]  23.00-24.00  sec  0.00 Bytes  0.00 bits/sec                  
[ 44]  23.00-24.00  sec   128 KBytes  1.05 Mbits/sec                  
[ 46]  23.00-24.00  sec   128 KBytes  1.05 Mbits/sec                  
[ 48]  23.00-24.00  sec  0.00 Bytes  0.00 bits/sec                  
[ 50]  23.00-24.00  sec  0.00 Bytes  0.00 bits/sec                  
[ 52]  23.00-24.00  sec   128 KBytes  1.05 Mbits/sec                  
[SUM]  23.00-24.00  sec  1.38 MBytes  11.5 Mbits/sec                  
- - - - - - - - - - - - - - - - - - - - - - - - -
[  5]  24.00-25.00  sec  0.00 Bytes  0.00 bits/sec                  
[  8]  24.00-25.00  sec  0.00 Bytes  0.00 bits/sec                  
[ 10]  24.00-25.00  sec   128 KBytes  1.05 Mbits/sec                  
[ 12]  24.00-25.00  sec   128 KBytes  1.05 Mbits/sec                  
[ 14]  24.00-25.00  sec  0.00 Bytes  0.00 bits/sec                  
[ 16]  24.00-25.00  sec   128 KBytes  1.05 Mbits/sec                  
[ 18]  24.00-25.00  sec  0.00 Bytes  0.00 bits/sec                  
[ 20]  24.00-25.00  sec   128 KBytes  1.05 Mbits/sec                  
[ 22]  24.00-25.00  sec  0.00 Bytes  0.00 bits/sec                  
[ 24]  24.00-25.00  sec  0.00 Bytes  0.00 bits/sec                  
[ 26]  24.00-25.00  sec   128 KBytes  1.05 Mbits/sec                  
[ 28]  24.00-25.00  sec  0.00 Bytes  0.00 bits/sec                  
[ 30]  24.00-25.00  sec  0.00 Bytes  0.00 bits/sec                  
[ 32]  24.00-25.00  sec  0.00 Bytes  0.00 bits/sec                  
[ 34]  24.00-25.00  sec   128 KBytes  1.05 Mbits/sec                  
[ 36]  24.00-25.00  sec  0.00 Bytes  0.00 bits/sec                  
[ 38]  24.00-25.00  sec  0.00 Bytes  0.00 bits/sec                  
[ 40]  24.00-25.00  sec   128 KBytes  1.05 Mbits/sec                  
[ 42]  24.00-25.00  sec  0.00 Bytes  0.00 bits/sec                  
[ 44]  24.00-25.00  sec  0.00 Bytes  0.00 bits/sec                  
[ 46]  24.00-25.00  sec  0.00 Bytes  0.00 bits/sec                  
[ 48]  24.00-25.00  sec   128 KBytes  1.05 Mbits/sec                  
[ 50]  24.00-25.00  sec   128 KBytes  1.05 Mbits/sec                  
[ 52]  24.00-25.00  sec  0.00 Bytes  0.00 bits/sec                  
[SUM]  24.00-25.00  sec  1.12 MBytes  9.43 Mbits/sec                  
- - - - - - - - - - - - - - - - - - - - - - - - -
[  5]  25.00-26.00  sec  0.00 Bytes  0.00 bits/sec                  
[  8]  25.00-26.01  sec  0.00 Bytes  0.00 bits/sec                  
[ 10]  25.00-26.01  sec  0.00 Bytes  0.00 bits/sec                  
[ 12]  25.00-26.01  sec  0.00 Bytes  0.00 bits/sec                  
[ 14]  25.00-26.01  sec   128 KBytes  1.03 Mbits/sec                  
[ 16]  25.00-26.01  sec  0.00 Bytes  0.00 bits/sec                  
[ 18]  25.00-26.01  sec   128 KBytes  1.03 Mbits/sec                  
[ 20]  25.00-26.01  sec  0.00 Bytes  0.00 bits/sec                  
[ 22]  25.00-26.01  sec   128 KBytes  1.03 Mbits/sec                  
[ 24]  25.00-26.01  sec   128 KBytes  1.03 Mbits/sec                  
[ 26]  25.00-26.02  sec  0.00 Bytes  0.00 bits/sec                  
[ 28]  25.00-26.02  sec  0.00 Bytes  0.00 bits/sec                  
[ 30]  25.00-26.02  sec  0.00 Bytes  0.00 bits/sec                  
[ 32]  25.00-26.02  sec  0.00 Bytes  0.00 bits/sec                  
[ 34]  25.00-26.02  sec  0.00 Bytes  0.00 bits/sec                  
[ 36]  25.00-26.02  sec  0.00 Bytes  0.00 bits/sec                  
[ 38]  25.00-26.02  sec  0.00 Bytes  0.00 bits/sec                  
[ 40]  25.00-26.02  sec  0.00 Bytes  0.00 bits/sec                  
[ 42]  25.00-26.02  sec   128 KBytes  1.03 Mbits/sec                  
[ 44]  25.00-26.02  sec   128 KBytes  1.03 Mbits/sec                  
[ 46]  25.00-26.02  sec  0.00 Bytes  0.00 bits/sec                  
[ 48]  25.00-26.02  sec  0.00 Bytes  0.00 bits/sec                  
[ 50]  25.00-26.02  sec  0.00 Bytes  0.00 bits/sec                  
[ 52]  25.00-26.02  sec  0.00 Bytes  0.00 bits/sec                  
[SUM]  25.00-26.00  sec   768 KBytes  6.27 Mbits/sec                  
- - - - - - - - - - - - - - - - - - - - - - - - -
[  5]  26.00-27.00  sec   128 KBytes  1.05 Mbits/sec                  
[  8]  26.01-27.00  sec   128 KBytes  1.06 Mbits/sec                  
[ 10]  26.01-27.00  sec  0.00 Bytes  0.00 bits/sec                  
[ 12]  26.01-27.00  sec  0.00 Bytes  0.00 bits/sec                  
[ 14]  26.01-27.00  sec  0.00 Bytes  0.00 bits/sec                  
[ 16]  26.01-27.00  sec  0.00 Bytes  0.00 bits/sec                  
[ 18]  26.01-27.00  sec  0.00 Bytes  0.00 bits/sec                  
[ 20]  26.01-27.00  sec  0.00 Bytes  0.00 bits/sec                  
[ 22]  26.01-27.00  sec  0.00 Bytes  0.00 bits/sec                  
[ 24]  26.01-27.00  sec  0.00 Bytes  0.00 bits/sec                  
[ 26]  26.02-27.00  sec  0.00 Bytes  0.00 bits/sec                  
[ 28]  26.02-27.00  sec   128 KBytes  1.06 Mbits/sec                  
[ 30]  26.02-27.00  sec   128 KBytes  1.06 Mbits/sec                  
[ 32]  26.02-27.00  sec   128 KBytes  1.06 Mbits/sec                  
[ 34]  26.02-27.00  sec  0.00 Bytes  0.00 bits/sec                  
[ 36]  26.02-27.00  sec   128 KBytes  1.06 Mbits/sec                  
[ 38]  26.02-27.00  sec   128 KBytes  1.06 Mbits/sec                  
[ 40]  26.02-27.00  sec   128 KBytes  1.06 Mbits/sec                  
[ 42]  26.02-27.00  sec  0.00 Bytes  0.00 bits/sec                  
[ 44]  26.02-27.00  sec  0.00 Bytes  0.00 bits/sec                  
[ 46]  26.02-27.00  sec   128 KBytes  1.06 Mbits/sec                  
[ 48]  26.02-27.00  sec  0.00 Bytes  0.00 bits/sec                  
[ 50]  26.02-27.00  sec   128 KBytes  1.06 Mbits/sec                  
[ 52]  26.02-27.00  sec   128 KBytes  1.06 Mbits/sec                  
[SUM]  26.00-27.00  sec  1.38 MBytes  11.6 Mbits/sec                  
- - - - - - - - - - - - - - - - - - - - - - - - -
[  5]  27.00-28.00  sec  0.00 Bytes  0.00 bits/sec                  
[  8]  27.00-28.00  sec  0.00 Bytes  0.00 bits/sec                  
[ 10]  27.00-28.00  sec   128 KBytes  1.05 Mbits/sec                  
[ 12]  27.00-28.00  sec   128 KBytes  1.05 Mbits/sec                  
[ 14]  27.00-28.00  sec  0.00 Bytes  0.00 bits/sec                  
[ 16]  27.00-28.00  sec   128 KBytes  1.05 Mbits/sec                  
[ 18]  27.00-28.00  sec  0.00 Bytes  0.00 bits/sec                  
[ 20]  27.00-28.00  sec   128 KBytes  1.05 Mbits/sec                  
[ 22]  27.00-28.00  sec  0.00 Bytes  0.00 bits/sec                  
[ 24]  27.00-28.00  sec  0.00 Bytes  0.00 bits/sec                  
[ 26]  27.00-28.00  sec   128 KBytes  1.05 Mbits/sec                  
[ 28]  27.00-28.00  sec  0.00 Bytes  0.00 bits/sec                  
[ 30]  27.00-28.00  sec  0.00 Bytes  0.00 bits/sec                  
[ 32]  27.00-28.00  sec  0.00 Bytes  0.00 bits/sec                  
[ 34]  27.00-28.00  sec   128 KBytes  1.05 Mbits/sec                  
[ 36]  27.00-28.00  sec  0.00 Bytes  0.00 bits/sec                  
[ 38]  27.00-28.00  sec  0.00 Bytes  0.00 bits/sec                  
[ 40]  27.00-28.00  sec  0.00 Bytes  0.00 bits/sec                  
[ 42]  27.00-28.00  sec   128 KBytes  1.05 Mbits/sec                  
[ 44]  27.00-28.00  sec  0.00 Bytes  0.00 bits/sec                  
[ 46]  27.00-28.00  sec  0.00 Bytes  0.00 bits/sec                  
[ 48]  27.00-28.00  sec   128 KBytes  1.05 Mbits/sec                  
[ 50]  27.00-28.00  sec  0.00 Bytes  0.00 bits/sec                  
[ 52]  27.00-28.00  sec  0.00 Bytes  0.00 bits/sec                  
[SUM]  27.00-28.00  sec  1.00 MBytes  8.39 Mbits/sec                  
- - - - - - - - - - - - - - - - - - - - - - - - -
[  5]  28.00-29.00  sec   128 KBytes  1.05 Mbits/sec                  
[  8]  28.00-29.00  sec  0.00 Bytes  0.00 bits/sec                  
[ 10]  28.00-29.00  sec  0.00 Bytes  0.00 bits/sec                  
[ 12]  28.00-29.00  sec  0.00 Bytes  0.00 bits/sec                  
[ 14]  28.00-29.00  sec   128 KBytes  1.05 Mbits/sec                  
[ 16]  28.00-29.00  sec  0.00 Bytes  0.00 bits/sec                  
[ 18]  28.00-29.00  sec  0.00 Bytes  0.00 bits/sec                  
[ 20]  28.00-29.00  sec  0.00 Bytes  0.00 bits/sec                  
[ 22]  28.00-29.00  sec   128 KBytes  1.05 Mbits/sec                  
[ 24]  28.00-29.00  sec   128 KBytes  1.05 Mbits/sec                  
[ 26]  28.00-29.00  sec  0.00 Bytes  0.00 bits/sec                  
[ 28]  28.00-29.00  sec   128 KBytes  1.05 Mbits/sec                  
[ 30]  28.00-29.00  sec  0.00 Bytes  0.00 bits/sec                  
[ 32]  28.00-29.00  sec  0.00 Bytes  0.00 bits/sec                  
[ 34]  28.00-29.00  sec  0.00 Bytes  0.00 bits/sec                  
[ 36]  28.00-29.00  sec  0.00 Bytes  0.00 bits/sec                  
[ 38]  28.00-29.00  sec  0.00 Bytes  0.00 bits/sec                  
[ 40]  28.00-29.00  sec  0.00 Bytes  0.00 bits/sec                  
[ 42]  28.00-29.00  sec  0.00 Bytes  0.00 bits/sec                  
[ 44]  28.00-29.00  sec   128 KBytes  1.05 Mbits/sec                  
[ 46]  28.00-29.00  sec  0.00 Bytes  0.00 bits/sec                  
[ 48]  28.00-29.00  sec  0.00 Bytes  0.00 bits/sec                  
[ 50]  28.00-29.00  sec  0.00 Bytes  0.00 bits/sec                  
[ 52]  28.00-29.00  sec  0.00 Bytes  0.00 bits/sec                  
[SUM]  28.00-29.00  sec   768 KBytes  6.29 Mbits/sec                  
- - - - - - - - - - - - - - - - - - - - - - - - -
[  5]  29.00-30.00  sec  0.00 Bytes  0.00 bits/sec                  
[  8]  29.00-30.00  sec   128 KBytes  1.05 Mbits/sec                  
[ 10]  29.00-30.00  sec   128 KBytes  1.05 Mbits/sec                  
[ 12]  29.00-30.00  sec  0.00 Bytes  0.00 bits/sec                  
[ 14]  29.00-30.00  sec  0.00 Bytes  0.00 bits/sec                  
[ 16]  29.00-30.00  sec  0.00 Bytes  0.00 bits/sec                  
[ 18]  29.00-30.00  sec   128 KBytes  1.05 Mbits/sec                  
[ 20]  29.00-30.00  sec   128 KBytes  1.05 Mbits/sec                  
[ 22]  29.00-30.00  sec  0.00 Bytes  0.00 bits/sec                  
[ 24]  29.00-30.00  sec  0.00 Bytes  0.00 bits/sec                  
[ 26]  29.00-30.00  sec  0.00 Bytes  0.00 bits/sec                  
[ 28]  29.00-30.00  sec  0.00 Bytes  0.00 bits/sec                  
[ 30]  29.00-30.00  sec   128 KBytes  1.05 Mbits/sec                  
[ 32]  29.00-30.00  sec   128 KBytes  1.05 Mbits/sec                  
[ 34]  29.00-30.00  sec  0.00 Bytes  0.00 bits/sec                  
[ 36]  29.00-30.00  sec   128 KBytes  1.05 Mbits/sec                  
[ 38]  29.00-30.00  sec   128 KBytes  1.05 Mbits/sec                  
[ 40]  29.00-30.00  sec   128 KBytes  1.05 Mbits/sec                  
[ 42]  29.00-30.00  sec  0.00 Bytes  0.00 bits/sec                  
[ 44]  29.00-30.00  sec  0.00 Bytes  0.00 bits/sec                  
[ 46]  29.00-30.00  sec   128 KBytes  1.05 Mbits/sec                  
[ 48]  29.00-30.00  sec  0.00 Bytes  0.00 bits/sec                  
[ 50]  29.00-30.00  sec   128 KBytes  1.05 Mbits/sec                  
[ 52]  29.00-30.00  sec   128 KBytes  1.05 Mbits/sec                  
[SUM]  29.00-30.00  sec  1.50 MBytes  12.6 Mbits/sec                  
- - - - - - - - - - - - - - - - - - - - - - - - -
[  5]  30.00-31.00  sec  0.00 Bytes  0.00 bits/sec                  
[  8]  30.00-31.00  sec  0.00 Bytes  0.00 bits/sec                  
[ 10]  30.00-31.00  sec  0.00 Bytes  0.00 bits/sec                  
[ 12]  30.00-31.00  sec   128 KBytes  1.05 Mbits/sec                  
[ 14]  30.00-31.00  sec   128 KBytes  1.05 Mbits/sec                  
[ 16]  30.00-31.00  sec   128 KBytes  1.05 Mbits/sec                  
[ 18]  30.00-31.00  sec  0.00 Bytes  0.00 bits/sec                  
[ 20]  30.00-31.00  sec  0.00 Bytes  0.00 bits/sec                  
[ 22]  30.00-31.00  sec   128 KBytes  1.05 Mbits/sec                  
[ 24]  30.00-31.00  sec   128 KBytes  1.05 Mbits/sec                  
[ 26]  30.00-31.00  sec   128 KBytes  1.05 Mbits/sec                  
[ 28]  30.00-31.00  sec  0.00 Bytes  0.00 bits/sec                  
[ 30]  30.00-31.00  sec  0.00 Bytes  0.00 bits/sec                  
[ 32]  30.00-31.00  sec  0.00 Bytes  0.00 bits/sec                  
[ 34]  30.00-31.00  sec  0.00 Bytes  0.00 bits/sec                  
[ 36]  30.00-31.00  sec  0.00 Bytes  0.00 bits/sec                  
[ 38]  30.00-31.00  sec  0.00 Bytes  0.00 bits/sec                  
[ 40]  30.00-31.00  sec  0.00 Bytes  0.00 bits/sec                  
[ 42]  30.00-31.00  sec   128 KBytes  1.05 Mbits/sec                  
[ 44]  30.00-31.00  sec  0.00 Bytes  0.00 bits/sec                  
[ 46]  30.00-31.00  sec  0.00 Bytes  0.00 bits/sec                  
[ 48]  30.00-31.00  sec   128 KBytes  1.05 Mbits/sec                  
[ 50]  30.00-31.00  sec  0.00 Bytes  0.00 bits/sec                  
[ 52]  30.00-31.00  sec  0.00 Bytes  0.00 bits/sec                  
[SUM]  30.00-31.00  sec  1.00 MBytes  8.39 Mbits/sec                  
- - - - - - - - - - - - - - - - - - - - - - - - -
[  5]  31.00-32.00  sec   128 KBytes  1.05 Mbits/sec                  
[  8]  31.00-32.00  sec   128 KBytes  1.05 Mbits/sec                  
[ 10]  31.00-32.00  sec  0.00 Bytes  0.00 bits/sec                  
[ 12]  31.00-32.00  sec  0.00 Bytes  0.00 bits/sec                  
[ 14]  31.00-32.00  sec  0.00 Bytes  0.00 bits/sec                  
[ 16]  31.00-32.00  sec  0.00 Bytes  0.00 bits/sec                  
[ 18]  31.00-32.00  sec  0.00 Bytes  0.00 bits/sec                  
[ 20]  31.00-32.00  sec  0.00 Bytes  0.00 bits/sec                  
[ 22]  31.00-32.00  sec  0.00 Bytes  0.00 bits/sec                  
[ 24]  31.00-32.00  sec  0.00 Bytes  0.00 bits/sec                  
[ 26]  31.00-32.00  sec  0.00 Bytes  0.00 bits/sec                  
[ 28]  31.00-32.00  sec   128 KBytes  1.05 Mbits/sec                  
[ 30]  31.00-32.00  sec  0.00 Bytes  0.00 bits/sec                  
[ 32]  31.00-32.00  sec   128 KBytes  1.05 Mbits/sec                  
[ 34]  31.00-32.00  sec   128 KBytes  1.05 Mbits/sec                  
[ 36]  31.00-32.00  sec   128 KBytes  1.05 Mbits/sec                  
[ 38]  31.00-32.00  sec   128 KBytes  1.05 Mbits/sec                  
[ 40]  31.00-32.00  sec   128 KBytes  1.05 Mbits/sec                  
[ 42]  31.00-32.00  sec  0.00 Bytes  0.00 bits/sec                  
[ 44]  31.00-32.00  sec  0.00 Bytes  0.00 bits/sec                  
[ 46]  31.00-32.00  sec   128 KBytes  1.05 Mbits/sec                  
[ 48]  31.00-32.00  sec  0.00 Bytes  0.00 bits/sec                  
[ 50]  31.00-32.00  sec   128 KBytes  1.05 Mbits/sec                  
[ 52]  31.00-32.00  sec   128 KBytes  1.05 Mbits/sec                  
[SUM]  31.00-32.00  sec  1.38 MBytes  11.5 Mbits/sec                  
- - - - - - - - - - - - - - - - - - - - - - - - -
[  5]  32.00-33.00  sec  0.00 Bytes  0.00 bits/sec                  
[  8]  32.00-33.00  sec  0.00 Bytes  0.00 bits/sec                  
[ 10]  32.00-33.00  sec   128 KBytes  1.05 Mbits/sec                  
[ 12]  32.00-33.00  sec   128 KBytes  1.05 Mbits/sec                  
[ 14]  32.00-33.00  sec  0.00 Bytes  0.00 bits/sec                  
[ 16]  32.00-33.00  sec  0.00 Bytes  0.00 bits/sec                  
[ 18]  32.00-33.00  sec   128 KBytes  1.05 Mbits/sec                  
[ 20]  32.00-33.00  sec   128 KBytes  1.05 Mbits/sec                  
[ 22]  32.00-33.00  sec  0.00 Bytes  0.00 bits/sec                  
[ 24]  32.00-33.00  sec   128 KBytes  1.05 Mbits/sec                  
[ 26]  32.00-33.00  sec   128 KBytes  1.05 Mbits/sec                  
[ 28]  32.00-33.00  sec  0.00 Bytes  0.00 bits/sec                  
[ 30]  32.00-33.00  sec  0.00 Bytes  0.00 bits/sec                  
[ 32]  32.00-33.00  sec  0.00 Bytes  0.00 bits/sec                  
[ 34]  32.00-33.00  sec  0.00 Bytes  0.00 bits/sec                  
[ 36]  32.00-33.00  sec  0.00 Bytes  0.00 bits/sec                  
[ 38]  32.00-33.00  sec  0.00 Bytes  0.00 bits/sec                  
[ 40]  32.00-33.00  sec  0.00 Bytes  0.00 bits/sec                  
[ 42]  32.00-33.00  sec   128 KBytes  1.05 Mbits/sec                  
[ 44]  32.00-33.00  sec   128 KBytes  1.05 Mbits/sec                  
[ 46]  32.00-33.00  sec  0.00 Bytes  0.00 bits/sec                  
[ 48]  32.00-33.00  sec  0.00 Bytes  0.00 bits/sec                  
[ 50]  32.00-33.00  sec  0.00 Bytes  0.00 bits/sec                  
[ 52]  32.00-33.00  sec  0.00 Bytes  0.00 bits/sec                  
[SUM]  32.00-33.00  sec  1.00 MBytes  8.38 Mbits/sec                  
- - - - - - - - - - - - - - - - - - - - - - - - -
[  5]  33.00-34.00  sec   128 KBytes  1.05 Mbits/sec                  
[  8]  33.00-34.00  sec  0.00 Bytes  0.00 bits/sec                  
[ 10]  33.00-34.00  sec  0.00 Bytes  0.00 bits/sec                  
[ 12]  33.00-34.00  sec  0.00 Bytes  0.00 bits/sec                  
[ 14]  33.00-34.00  sec   128 KBytes  1.05 Mbits/sec                  
[ 16]  33.00-34.00  sec   128 KBytes  1.05 Mbits/sec                  
[ 18]  33.00-34.00  sec  0.00 Bytes  0.00 bits/sec                  
[ 20]  33.00-34.00  sec  0.00 Bytes  0.00 bits/sec                  
[ 22]  33.00-34.00  sec   128 KBytes  1.05 Mbits/sec                  
[ 24]  33.00-34.00  sec  0.00 Bytes  0.00 bits/sec                  
[ 26]  33.00-34.00  sec  0.00 Bytes  0.00 bits/sec                  
[ 28]  33.00-34.00  sec   128 KBytes  1.05 Mbits/sec                  
[ 30]  33.00-34.00  sec   128 KBytes  1.05 Mbits/sec                  
[ 32]  33.00-34.00  sec  0.00 Bytes  0.00 bits/sec                  
[ 34]  33.00-34.00  sec  0.00 Bytes  0.00 bits/sec                  
[ 36]  33.00-34.00  sec  0.00 Bytes  0.00 bits/sec                  
[ 38]  33.00-34.00  sec  0.00 Bytes  0.00 bits/sec                  
[ 40]  33.00-34.00  sec  0.00 Bytes  0.00 bits/sec                  
[ 42]  33.00-34.00  sec  0.00 Bytes  0.00 bits/sec                  
[ 44]  33.00-34.00  sec  0.00 Bytes  0.00 bits/sec                  
[ 46]  33.00-34.00  sec  0.00 Bytes  0.00 bits/sec                  
[ 48]  33.00-34.00  sec  0.00 Bytes  0.00 bits/sec                  
[ 50]  33.00-34.00  sec  0.00 Bytes  0.00 bits/sec                  
[ 52]  33.00-34.00  sec  0.00 Bytes  0.00 bits/sec                  
[SUM]  33.00-34.00  sec   768 KBytes  6.30 Mbits/sec                  
- - - - - - - - - - - - - - - - - - - - - - - - -
[  5]  34.00-35.00  sec  0.00 Bytes  0.00 bits/sec                  
[  8]  34.00-35.00  sec   128 KBytes  1.05 Mbits/sec                  
[ 10]  34.00-35.00  sec   128 KBytes  1.05 Mbits/sec                  
[ 12]  34.00-35.00  sec   128 KBytes  1.05 Mbits/sec                  
[ 14]  34.00-35.00  sec  0.00 Bytes  0.00 bits/sec                  
[ 16]  34.00-35.00  sec  0.00 Bytes  0.00 bits/sec                  
[ 18]  34.00-35.00  sec  0.00 Bytes  0.00 bits/sec                  
[ 20]  34.00-35.00  sec   128 KBytes  1.05 Mbits/sec                  
[ 22]  34.00-35.00  sec  0.00 Bytes  0.00 bits/sec                  
[ 24]  34.00-35.00  sec  0.00 Bytes  0.00 bits/sec                  
[ 26]  34.00-35.00  sec   128 KBytes  1.05 Mbits/sec                  
[ 28]  34.00-35.00  sec  0.00 Bytes  0.00 bits/sec                  
[ 30]  34.00-35.00  sec  0.00 Bytes  0.00 bits/sec                  
[ 32]  34.00-35.00  sec   128 KBytes  1.05 Mbits/sec                  
[ 34]  34.00-35.00  sec   128 KBytes  1.05 Mbits/sec                  
[ 36]  34.00-35.00  sec   128 KBytes  1.05 Mbits/sec                  
[ 38]  34.00-35.00  sec   128 KBytes  1.05 Mbits/sec                  
[ 40]  34.00-35.00  sec   128 KBytes  1.05 Mbits/sec                  
[ 42]  34.00-35.00  sec  0.00 Bytes  0.00 bits/sec                  
[ 44]  34.00-35.00  sec  0.00 Bytes  0.00 bits/sec                  
[ 46]  34.00-35.00  sec   128 KBytes  1.05 Mbits/sec                  
[ 48]  34.00-35.00  sec   128 KBytes  1.05 Mbits/sec                  
[ 50]  34.00-35.00  sec   128 KBytes  1.05 Mbits/sec                  
[ 52]  34.00-35.00  sec   128 KBytes  1.05 Mbits/sec                  
[SUM]  34.00-35.00  sec  1.75 MBytes  14.7 Mbits/sec                  
- - - - - - - - - - - - - - - - - - - - - - - - -
[  5]  35.00-36.00  sec  0.00 Bytes  0.00 bits/sec                  
[  8]  35.00-36.00  sec  0.00 Bytes  0.00 bits/sec                  
[ 10]  35.00-36.00  sec  0.00 Bytes  0.00 bits/sec                  
[ 12]  35.00-36.00  sec  0.00 Bytes  0.00 bits/sec                  
[ 14]  35.00-36.00  sec   128 KBytes  1.05 Mbits/sec                  
[ 16]  35.00-36.00  sec  0.00 Bytes  0.00 bits/sec                  
[ 18]  35.00-36.00  sec   128 KBytes  1.05 Mbits/sec                  
[ 20]  35.00-36.00  sec  0.00 Bytes  0.00 bits/sec                  
[ 22]  35.00-36.00  sec   128 KBytes  1.05 Mbits/sec                  
[ 24]  35.00-36.00  sec   128 KBytes  1.05 Mbits/sec                  
[ 26]  35.00-36.00  sec  0.00 Bytes  0.00 bits/sec                  
[ 28]  35.00-36.00  sec  0.00 Bytes  0.00 bits/sec                  
[ 30]  35.00-36.00  sec  0.00 Bytes  0.00 bits/sec                  
[ 32]  35.00-36.00  sec  0.00 Bytes  0.00 bits/sec                  
[ 34]  35.00-36.00  sec  0.00 Bytes  0.00 bits/sec                  
[ 36]  35.00-36.00  sec  0.00 Bytes  0.00 bits/sec                  
[ 38]  35.00-36.00  sec  0.00 Bytes  0.00 bits/sec                  
[ 40]  35.00-36.00  sec  0.00 Bytes  0.00 bits/sec                  
[ 42]  35.00-36.00  sec   128 KBytes  1.05 Mbits/sec                  
[ 44]  35.00-36.00  sec   128 KBytes  1.05 Mbits/sec                  
[ 46]  35.00-36.00  sec  0.00 Bytes  0.00 bits/sec                  
[ 48]  35.00-36.00  sec  0.00 Bytes  0.00 bits/sec                  
[ 50]  35.00-36.00  sec  0.00 Bytes  0.00 bits/sec                  
[ 52]  35.00-36.00  sec  0.00 Bytes  0.00 bits/sec                  
[SUM]  35.00-36.00  sec   768 KBytes  6.29 Mbits/sec                  
- - - - - - - - - - - - - - - - - - - - - - - - -
[  5]  36.00-37.00  sec   128 KBytes  1.05 Mbits/sec                  
[  8]  36.00-37.00  sec   128 KBytes  1.05 Mbits/sec                  
[ 10]  36.00-37.00  sec  0.00 Bytes  0.00 bits/sec                  
[ 12]  36.00-37.00  sec  0.00 Bytes  0.00 bits/sec                  
[ 14]  36.00-37.00  sec  0.00 Bytes  0.00 bits/sec                  
[ 16]  36.00-37.00  sec  0.00 Bytes  0.00 bits/sec                  
[ 18]  36.00-37.00  sec  0.00 Bytes  0.00 bits/sec                  
[ 20]  36.00-37.00  sec  0.00 Bytes  0.00 bits/sec                  
[ 22]  36.00-37.00  sec  0.00 Bytes  0.00 bits/sec                  
[ 24]  36.00-37.00  sec  0.00 Bytes  0.00 bits/sec                  
[ 26]  36.00-37.00  sec  0.00 Bytes  0.00 bits/sec                  
[ 28]  36.00-37.00  sec   128 KBytes  1.05 Mbits/sec                  
[ 30]  36.00-37.00  sec   128 KBytes  1.05 Mbits/sec                  
[ 32]  36.00-37.00  sec   128 KBytes  1.05 Mbits/sec                  
[ 34]  36.00-37.00  sec  0.00 Bytes  0.00 bits/sec                  
[ 36]  36.00-37.00  sec   128 KBytes  1.05 Mbits/sec                  
[ 38]  36.00-37.00  sec   128 KBytes  1.05 Mbits/sec                  
[ 40]  36.00-37.00  sec   128 KBytes  1.05 Mbits/sec                  
[ 42]  36.00-37.00  sec  0.00 Bytes  0.00 bits/sec                  
[ 44]  36.00-37.00  sec  0.00 Bytes  0.00 bits/sec                  
[ 46]  36.00-37.00  sec   128 KBytes  1.05 Mbits/sec                  
[ 48]  36.00-37.00  sec  0.00 Bytes  0.00 bits/sec                  
[ 50]  36.00-37.00  sec   128 KBytes  1.05 Mbits/sec                  
[ 52]  36.00-37.00  sec   128 KBytes  1.05 Mbits/sec                  
[SUM]  36.00-37.00  sec  1.38 MBytes  11.5 Mbits/sec                  
- - - - - - - - - - - - - - - - - - - - - - - - -
[  5]  37.00-38.00  sec  0.00 Bytes  0.00 bits/sec                  
[  8]  37.00-38.00  sec  0.00 Bytes  0.00 bits/sec                  
[ 10]  37.00-38.00  sec   128 KBytes  1.05 Mbits/sec                  
[ 12]  37.00-38.00  sec   128 KBytes  1.05 Mbits/sec                  
[ 14]  37.00-38.00  sec   128 KBytes  1.05 Mbits/sec                  
[ 16]  37.00-38.00  sec   128 KBytes  1.05 Mbits/sec                  
[ 18]  37.00-38.00  sec  0.00 Bytes  0.00 bits/sec                  
[ 20]  37.00-38.00  sec   128 KBytes  1.05 Mbits/sec                  
[ 22]  37.00-38.00  sec  0.00 Bytes  0.00 bits/sec                  
[ 24]  37.00-38.00  sec   128 KBytes  1.05 Mbits/sec                  
[ 26]  37.00-38.00  sec   128 KBytes  1.05 Mbits/sec                  
[ 28]  37.00-38.00  sec  0.00 Bytes  0.00 bits/sec                  
[ 30]  37.00-38.00  sec  0.00 Bytes  0.00 bits/sec                  
[ 32]  37.00-38.00  sec  0.00 Bytes  0.00 bits/sec                  
[ 34]  37.00-38.00  sec   128 KBytes  1.05 Mbits/sec                  
[ 36]  37.00-38.00  sec  0.00 Bytes  0.00 bits/sec                  
[ 38]  37.00-38.00  sec  0.00 Bytes  0.00 bits/sec                  
[ 40]  37.00-38.00  sec  0.00 Bytes  0.00 bits/sec                  
[ 42]  37.00-38.00  sec   128 KBytes  1.05 Mbits/sec                  
[ 44]  37.00-38.00  sec  0.00 Bytes  0.00 bits/sec                  
[ 46]  37.00-38.00  sec  0.00 Bytes  0.00 bits/sec                  
[ 48]  37.00-38.00  sec   128 KBytes  1.05 Mbits/sec                  
[ 50]  37.00-38.00  sec  0.00 Bytes  0.00 bits/sec                  
[ 52]  37.00-38.00  sec  0.00 Bytes  0.00 bits/sec                  
[SUM]  37.00-38.00  sec  1.25 MBytes  10.5 Mbits/sec                  
- - - - - - - - - - - - - - - - - - - - - - - - -
[  5]  38.00-39.00  sec   128 KBytes  1.05 Mbits/sec                  
[  8]  38.00-39.00  sec   128 KBytes  1.05 Mbits/sec                  
[ 10]  38.00-39.00  sec  0.00 Bytes  0.00 bits/sec                  
[ 12]  38.00-39.00  sec  0.00 Bytes  0.00 bits/sec                  
[ 14]  38.00-39.00  sec  0.00 Bytes  0.00 bits/sec                  
[ 16]  38.00-39.00  sec  0.00 Bytes  0.00 bits/sec                  
[ 18]  38.00-39.00  sec  0.00 Bytes  0.00 bits/sec                  
[ 20]  38.00-39.00  sec  0.00 Bytes  0.00 bits/sec                  
[ 22]  38.00-39.00  sec   128 KBytes  1.05 Mbits/sec                  
[ 24]  38.00-39.00  sec  0.00 Bytes  0.00 bits/sec                  
[ 26]  38.00-39.00  sec  0.00 Bytes  0.00 bits/sec                  
[ 28]  38.00-39.00  sec   128 KBytes  1.05 Mbits/sec                  
[ 30]  38.00-39.00  sec  0.00 Bytes  0.00 bits/sec                  
[ 32]  38.00-39.00  sec  0.00 Bytes  0.00 bits/sec                  
[ 34]  38.00-39.00  sec  0.00 Bytes  0.00 bits/sec                  
[ 36]  38.00-39.00  sec   128 KBytes  1.05 Mbits/sec                  
[ 38]  38.00-39.00  sec   128 KBytes  1.05 Mbits/sec                  
[ 40]  38.00-39.00  sec  0.00 Bytes  0.00 bits/sec                  
[ 42]  38.00-39.00  sec  0.00 Bytes  0.00 bits/sec                  
[ 44]  38.00-39.00  sec   128 KBytes  1.05 Mbits/sec                  
[ 46]  38.00-39.00  sec  0.00 Bytes  0.00 bits/sec                  
[ 48]  38.00-39.00  sec  0.00 Bytes  0.00 bits/sec                  
[ 50]  38.00-39.00  sec  0.00 Bytes  0.00 bits/sec                  
[ 52]  38.00-39.00  sec  0.00 Bytes  0.00 bits/sec                  
[SUM]  38.00-39.00  sec   896 KBytes  7.34 Mbits/sec                  
- - - - - - - - - - - - - - - - - - - - - - - - -
[  5]  39.00-40.00  sec  0.00 Bytes  0.00 bits/sec                  
[  8]  39.00-40.00  sec  0.00 Bytes  0.00 bits/sec                  
[ 10]  39.00-40.00  sec   128 KBytes  1.05 Mbits/sec                  
[ 12]  39.00-40.00  sec   128 KBytes  1.05 Mbits/sec                  
[ 14]  39.00-40.00  sec  0.00 Bytes  0.00 bits/sec                  
[ 16]  39.00-40.00  sec  0.00 Bytes  0.00 bits/sec                  
[ 18]  39.00-40.00  sec   128 KBytes  1.05 Mbits/sec                  
[ 20]  39.00-40.00  sec  0.00 Bytes  0.00 bits/sec                  
[ 22]  39.00-40.00  sec  0.00 Bytes  0.00 bits/sec                  
[ 24]  39.00-40.00  sec  0.00 Bytes  0.00 bits/sec                  
[ 26]  39.00-40.00  sec   128 KBytes  1.05 Mbits/sec                  
[ 28]  39.00-40.00  sec  0.00 Bytes  0.00 bits/sec                  
[ 30]  39.00-40.00  sec   128 KBytes  1.05 Mbits/sec                  
[ 32]  39.00-40.00  sec   128 KBytes  1.05 Mbits/sec                  
[ 34]  39.00-40.00  sec  0.00 Bytes  0.00 bits/sec                  
[ 36]  39.00-40.00  sec  0.00 Bytes  0.00 bits/sec                  
[ 38]  39.00-40.00  sec  0.00 Bytes  0.00 bits/sec                  
[ 40]  39.00-40.00  sec   128 KBytes  1.05 Mbits/sec                  
[ 42]  39.00-40.00  sec  0.00 Bytes  0.00 bits/sec                  
[ 44]  39.00-40.00  sec  0.00 Bytes  0.00 bits/sec                  
[ 46]  39.00-40.00  sec   128 KBytes  1.05 Mbits/sec                  
[ 48]  39.00-40.00  sec  0.00 Bytes  0.00 bits/sec                  
[ 50]  39.00-40.00  sec   128 KBytes  1.05 Mbits/sec                  
[ 52]  39.00-40.00  sec   128 KBytes  1.05 Mbits/sec                  
[SUM]  39.00-40.00  sec  1.25 MBytes  10.5 Mbits/sec                  
- - - - - - - - - - - - - - - - - - - - - - - - -
[  5]  40.00-40.14  sec  0.00 Bytes  0.00 bits/sec                  
[  8]  40.00-40.14  sec  0.00 Bytes  0.00 bits/sec                  
[ 10]  40.00-40.14  sec  0.00 Bytes  0.00 bits/sec                  
[ 12]  40.00-40.14  sec  0.00 Bytes  0.00 bits/sec                  
[ 14]  40.00-40.14  sec  0.00 Bytes  0.00 bits/sec                  
[ 16]  40.00-40.14  sec  0.00 Bytes  0.00 bits/sec                  
[ 18]  40.00-40.14  sec  0.00 Bytes  0.00 bits/sec                  
[ 20]  40.00-40.14  sec  0.00 Bytes  0.00 bits/sec                  
[ 22]  40.00-40.14  sec  0.00 Bytes  0.00 bits/sec                  
[ 24]  40.00-40.14  sec  0.00 Bytes  0.00 bits/sec                  
[ 26]  40.00-40.14  sec  0.00 Bytes  0.00 bits/sec                  
[ 28]  40.00-40.14  sec  0.00 Bytes  0.00 bits/sec                  
[ 30]  40.00-40.14  sec  0.00 Bytes  0.00 bits/sec                  
[ 32]  40.00-40.14  sec  0.00 Bytes  0.00 bits/sec                  
[ 34]  40.00-40.14  sec  0.00 Bytes  0.00 bits/sec                  
[ 36]  40.00-40.14  sec  0.00 Bytes  0.00 bits/sec                  
[ 38]  40.00-40.14  sec  0.00 Bytes  0.00 bits/sec                  
[ 40]  40.00-40.14  sec  0.00 Bytes  0.00 bits/sec                  
[ 42]  40.00-40.14  sec   128 KBytes  7.71 Mbits/sec                  
[ 44]  40.00-40.14  sec  0.00 Bytes  0.00 bits/sec                  
[ 46]  40.00-40.14  sec  0.00 Bytes  0.00 bits/sec                  
[ 48]  40.00-40.14  sec  0.00 Bytes  0.00 bits/sec                  
[ 50]  40.00-40.14  sec  0.00 Bytes  0.00 bits/sec                  
[ 52]  40.00-40.14  sec  0.00 Bytes  0.00 bits/sec                  
[SUM]  40.00-40.14  sec   128 KBytes  7.72 Mbits/sec                  
- - - - - - - - - - - - - - - - - - - - - - - - -
[ ID] Interval           Transfer     Bitrate
[  5]   0.00-40.14  sec  1.88 MBytes   392 Kbits/sec                  receiver
[  8]   0.00-40.14  sec  1.88 MBytes   392 Kbits/sec                  receiver
[ 10]   0.00-40.14  sec  1.88 MBytes   392 Kbits/sec                  receiver
[ 12]   0.00-40.14  sec  1.88 MBytes   392 Kbits/sec                  receiver
[ 14]   0.00-40.14  sec  1.88 MBytes   392 Kbits/sec                  receiver
[ 16]   0.00-40.14  sec  1.62 MBytes   340 Kbits/sec                  receiver
[ 18]   0.00-40.14  sec  1.62 MBytes   340 Kbits/sec                  receiver
[ 20]   0.00-40.14  sec  1.75 MBytes   366 Kbits/sec                  receiver
[ 22]   0.00-40.14  sec  1.75 MBytes   366 Kbits/sec                  receiver
[ 24]   0.00-40.14  sec  1.75 MBytes   366 Kbits/sec                  receiver
[ 26]   0.00-40.14  sec  1.88 MBytes   392 Kbits/sec                  receiver
[ 28]   0.00-40.14  sec  1.88 MBytes   392 Kbits/sec                  receiver
[ 30]   0.00-40.14  sec  1.75 MBytes   366 Kbits/sec                  receiver
[ 32]   0.00-40.14  sec  1.88 MBytes   392 Kbits/sec                  receiver
[ 34]   0.00-40.14  sec  1.62 MBytes   340 Kbits/sec                  receiver
[ 36]   0.00-40.14  sec  1.88 MBytes   392 Kbits/sec                  receiver
[ 38]   0.00-40.14  sec  1.88 MBytes   392 Kbits/sec                  receiver
[ 40]   0.00-40.14  sec  1.88 MBytes   392 Kbits/sec                  receiver
[ 42]   0.00-40.14  sec  1.88 MBytes   392 Kbits/sec                  receiver
[ 44]   0.00-40.14  sec  1.75 MBytes   366 Kbits/sec                  receiver
[ 46]   0.00-40.14  sec  1.88 MBytes   392 Kbits/sec                  receiver
[ 48]   0.00-40.14  sec  1.62 MBytes   340 Kbits/sec                  receiver
[ 50]   0.00-40.14  sec  1.88 MBytes   392 Kbits/sec                  receiver
[ 52]   0.00-40.14  sec  1.88 MBytes   392 Kbits/sec                  receiver
[SUM]   0.00-40.14  sec  43.4 MBytes  9.07 Mbits/sec                  receiver
-----------------------------------------------------------
Server listening on 5201 (test #3)
-----------------------------------------------------------
Accepted connection from 192.168.1.2, port 53614
[  5] local 192.168.2.2 port 5201 connected to 192.168.1.2 port 53622
[  8] local 192.168.2.2 port 5201 connected to 192.168.1.2 port 53632
[ ID] Interval           Transfer     Bitrate
[  5]   0.00-1.00   sec   512 KBytes  4.19 Mbits/sec                  
[  8]   0.00-1.00   sec   512 KBytes  4.19 Mbits/sec                  
[SUM]   0.00-1.00   sec  1.00 MBytes  8.38 Mbits/sec                  
- - - - - - - - - - - - - - - - - - - - - - - - -
[  5]   1.00-2.00   sec   512 KBytes  4.20 Mbits/sec                  
[  8]   1.00-2.00   sec   640 KBytes  5.25 Mbits/sec                  
[SUM]   1.00-2.00   sec  1.12 MBytes  9.44 Mbits/sec                  
- - - - - - - - - - - - - - - - - - - - - - - - -
[  5]   2.00-3.00   sec   640 KBytes  5.24 Mbits/sec                  
[  8]   2.00-3.00   sec   512 KBytes  4.19 Mbits/sec                  
[SUM]   2.00-3.00   sec  1.12 MBytes  9.44 Mbits/sec                  
- - - - - - - - - - - - - - - - - - - - - - - - -
[  5]   3.00-4.00   sec   640 KBytes  5.25 Mbits/sec                  
[  8]   3.00-4.00   sec   640 KBytes  5.25 Mbits/sec                  
[SUM]   3.00-4.00   sec  1.25 MBytes  10.5 Mbits/sec                  
- - - - - - - - - - - - - - - - - - - - - - - - -
[  5]   4.00-5.00   sec   512 KBytes  4.19 Mbits/sec                  
[  8]   4.00-5.00   sec   512 KBytes  4.19 Mbits/sec                  
[SUM]   4.00-5.00   sec  1.00 MBytes  8.39 Mbits/sec                  
- - - - - - - - - - - - - - - - - - - - - - - - -
[  5]   5.00-6.00   sec   640 KBytes  5.24 Mbits/sec                  
[  8]   5.00-6.00   sec   640 KBytes  5.24 Mbits/sec                  
[SUM]   5.00-6.00   sec  1.25 MBytes  10.5 Mbits/sec                  
- - - - - - - - - - - - - - - - - - - - - - - - -
[  5]   6.00-7.00   sec   512 KBytes  4.19 Mbits/sec                  
[  8]   6.00-7.00   sec   512 KBytes  4.19 Mbits/sec                  
[SUM]   6.00-7.00   sec  1.00 MBytes  8.38 Mbits/sec                  
- - - - - - - - - - - - - - - - - - - - - - - - -
[  5]   7.00-8.00   sec   640 KBytes  5.24 Mbits/sec                  
[  8]   7.00-8.00   sec   640 KBytes  5.24 Mbits/sec                  
[SUM]   7.00-8.00   sec  1.25 MBytes  10.5 Mbits/sec                  
- - - - - - - - - - - - - - - - - - - - - - - - -
[  5]   8.00-9.00   sec   512 KBytes  4.19 Mbits/sec                  
[  8]   8.00-9.00   sec   512 KBytes  4.20 Mbits/sec                  
[SUM]   8.00-9.00   sec  1.00 MBytes  8.39 Mbits/sec                  
- - - - - - - - - - - - - - - - - - - - - - - - -
[  5]   9.00-10.00  sec   640 KBytes  5.24 Mbits/sec                  
[  8]   9.00-10.00  sec   640 KBytes  5.24 Mbits/sec                  
[SUM]   9.00-10.00  sec  1.25 MBytes  10.5 Mbits/sec                  
- - - - - - - - - - - - - - - - - - - - - - - - -
[  5]  10.00-11.00  sec   512 KBytes  4.19 Mbits/sec                  
[  8]  10.00-11.00  sec   640 KBytes  5.24 Mbits/sec                  
[SUM]  10.00-11.00  sec  1.12 MBytes  9.44 Mbits/sec                  
- - - - - - - - - - - - - - - - - - - - - - - - -
[  5]  11.00-12.00  sec   640 KBytes  5.25 Mbits/sec                  
[  8]  11.00-12.00  sec   512 KBytes  4.20 Mbits/sec                  
[SUM]  11.00-12.00  sec  1.12 MBytes  9.44 Mbits/sec                  
- - - - - - - - - - - - - - - - - - - - - - - - -
[  5]  12.00-13.00  sec   640 KBytes  5.24 Mbits/sec                  
[  8]  12.00-13.00  sec   640 KBytes  5.24 Mbits/sec                  
[SUM]  12.00-13.00  sec  1.25 MBytes  10.5 Mbits/sec                  
- - - - - - - - - - - - - - - - - - - - - - - - -
[  5]  13.00-14.00  sec   512 KBytes  4.19 Mbits/sec                  
[  8]  13.00-14.00  sec   512 KBytes  4.19 Mbits/sec                  
[SUM]  13.00-14.00  sec  1.00 MBytes  8.39 Mbits/sec                  
- - - - - - - - - - - - - - - - - - - - - - - - -
[  5]  14.00-15.00  sec   640 KBytes  5.24 Mbits/sec                  
[  8]  14.00-15.00  sec   640 KBytes  5.24 Mbits/sec                  
[SUM]  14.00-15.00  sec  1.25 MBytes  10.5 Mbits/sec                  
- - - - - - - - - - - - - - - - - - - - - - - - -
[  5]  15.00-16.00  sec   512 KBytes  4.19 Mbits/sec                  
[  8]  15.00-16.00  sec   512 KBytes  4.19 Mbits/sec                  
[SUM]  15.00-16.00  sec  1.00 MBytes  8.39 Mbits/sec                  
- - - - - - - - - - - - - - - - - - - - - - - - -
[  5]  16.00-17.00  sec   640 KBytes  5.24 Mbits/sec                  
[  8]  16.00-17.00  sec   640 KBytes  5.24 Mbits/sec                  
[SUM]  16.00-17.00  sec  1.25 MBytes  10.5 Mbits/sec                  
- - - - - - - - - - - - - - - - - - - - - - - - -
[  5]  17.00-18.00  sec   512 KBytes  4.20 Mbits/sec                  
[  8]  17.00-18.00  sec   640 KBytes  5.25 Mbits/sec                  
[SUM]  17.00-18.00  sec  1.12 MBytes  9.44 Mbits/sec                  
- - - - - - - - - - - - - - - - - - - - - - - - -
[  5]  18.00-19.00  sec   640 KBytes  5.24 Mbits/sec                  
[  8]  18.00-19.00  sec   512 KBytes  4.20 Mbits/sec                  
[SUM]  18.00-19.00  sec  1.12 MBytes  9.44 Mbits/sec                  
- - - - - - - - - - - - - - - - - - - - - - - - -
[  5]  19.00-20.00  sec   512 KBytes  4.19 Mbits/sec                  
[  8]  19.00-20.00  sec   640 KBytes  5.24 Mbits/sec                  
[SUM]  19.00-20.00  sec  1.12 MBytes  9.43 Mbits/sec                  
- - - - - - - - - - - - - - - - - - - - - - - - -
[  5]  20.00-21.00  sec   640 KBytes  5.24 Mbits/sec                  
[  8]  20.00-21.00  sec   512 KBytes  4.19 Mbits/sec                  
[SUM]  20.00-21.00  sec  1.12 MBytes  9.44 Mbits/sec                  
- - - - - - - - - - - - - - - - - - - - - - - - -
[  5]  21.00-22.00  sec   640 KBytes  5.24 Mbits/sec                  
[  8]  21.00-22.00  sec   640 KBytes  5.24 Mbits/sec                  
[SUM]  21.00-22.00  sec  1.25 MBytes  10.5 Mbits/sec                  
- - - - - - - - - - - - - - - - - - - - - - - - -
[  5]  22.00-23.00  sec   512 KBytes  4.19 Mbits/sec                  
[  8]  22.00-23.00  sec   512 KBytes  4.19 Mbits/sec                  
[SUM]  22.00-23.00  sec  1.00 MBytes  8.39 Mbits/sec                  
- - - - - - - - - - - - - - - - - - - - - - - - -
[  5]  23.00-24.00  sec   640 KBytes  5.24 Mbits/sec                  
[  8]  23.00-24.00  sec   640 KBytes  5.24 Mbits/sec                  
[SUM]  23.00-24.00  sec  1.25 MBytes  10.5 Mbits/sec                  
- - - - - - - - - - - - - - - - - - - - - - - - -
[  5]  24.00-25.00  sec   512 KBytes  4.20 Mbits/sec                  
[  8]  24.00-25.00  sec   512 KBytes  4.20 Mbits/sec                  
[SUM]  24.00-25.00  sec  1.00 MBytes  8.39 Mbits/sec                  
- - - - - - - - - - - - - - - - - - - - - - - - -
[  5]  25.00-26.00  sec   640 KBytes  5.24 Mbits/sec                  
[  8]  25.00-26.00  sec   640 KBytes  5.24 Mbits/sec                  
[SUM]  25.00-26.00  sec  1.25 MBytes  10.5 Mbits/sec                  
- - - - - - - - - - - - - - - - - - - - - - - - -
[  5]  26.00-27.00  sec   512 KBytes  4.20 Mbits/sec                  
[  8]  26.00-27.00  sec   512 KBytes  4.20 Mbits/sec                  
[SUM]  26.00-27.00  sec  1.00 MBytes  8.39 Mbits/sec                  
- - - - - - - - - - - - - - - - - - - - - - - - -
[  5]  27.00-28.00  sec   640 KBytes  5.25 Mbits/sec                  
[  8]  27.00-28.00  sec   640 KBytes  5.25 Mbits/sec                  
[SUM]  27.00-28.00  sec  1.25 MBytes  10.5 Mbits/sec                  
- - - - - - - - - - - - - - - - - - - - - - - - -
[  5]  28.00-29.00  sec   512 KBytes  4.19 Mbits/sec                  
[  8]  28.00-29.00  sec   512 KBytes  4.19 Mbits/sec                  
[SUM]  28.00-29.00  sec  1.00 MBytes  8.38 Mbits/sec                  
- - - - - - - - - - - - - - - - - - - - - - - - -
[  5]  29.00-30.00  sec   640 KBytes  5.24 Mbits/sec                  
[  8]  29.00-30.00  sec   640 KBytes  5.24 Mbits/sec                  
[SUM]  29.00-30.00  sec  1.25 MBytes  10.5 Mbits/sec                  
- - - - - - - - - - - - - - - - - - - - - - - - -
[  5]  30.00-31.00  sec   512 KBytes  4.19 Mbits/sec                  
[  8]  30.00-31.00  sec   640 KBytes  5.24 Mbits/sec                  
[SUM]  30.00-31.00  sec  1.12 MBytes  9.43 Mbits/sec                  
- - - - - - - - - - - - - - - - - - - - - - - - -
[  5]  31.00-32.00  sec   640 KBytes  5.25 Mbits/sec                  
[  8]  31.00-32.00  sec   512 KBytes  4.20 Mbits/sec                  
[SUM]  31.00-32.00  sec  1.12 MBytes  9.44 Mbits/sec                  
- - - - - - - - - - - - - - - - - - - - - - - - -
[  5]  32.00-33.00  sec   512 KBytes  4.19 Mbits/sec                  
[  8]  32.00-33.00  sec   640 KBytes  5.24 Mbits/sec                  
[SUM]  32.00-33.00  sec  1.12 MBytes  9.44 Mbits/sec                  
- - - - - - - - - - - - - - - - - - - - - - - - -
[  5]  33.00-34.00  sec   640 KBytes  5.24 Mbits/sec                  
[  8]  33.00-34.00  sec   512 KBytes  4.19 Mbits/sec                  
[SUM]  33.00-34.00  sec  1.12 MBytes  9.43 Mbits/sec                  
- - - - - - - - - - - - - - - - - - - - - - - - -
[  5]  34.00-35.00  sec   640 KBytes  5.24 Mbits/sec                  
[  8]  34.00-35.00  sec   640 KBytes  5.24 Mbits/sec                  
[SUM]  34.00-35.00  sec  1.25 MBytes  10.5 Mbits/sec                  
- - - - - - - - - - - - - - - - - - - - - - - - -
[  5]  35.00-36.00  sec   512 KBytes  4.20 Mbits/sec                  
[  8]  35.00-36.00  sec   512 KBytes  4.20 Mbits/sec                  
[SUM]  35.00-36.00  sec  1.00 MBytes  8.39 Mbits/sec                  
- - - - - - - - - - - - - - - - - - - - - - - - -
[  5]  36.00-37.00  sec   640 KBytes  5.24 Mbits/sec                  
[  8]  36.00-37.00  sec   640 KBytes  5.24 Mbits/sec                  
[SUM]  36.00-37.00  sec  1.25 MBytes  10.5 Mbits/sec                  
- - - - - - - - - - - - - - - - - - - - - - - - -
[  5]  37.00-38.00  sec   512 KBytes  4.19 Mbits/sec                  
[  8]  37.00-38.00  sec   512 KBytes  4.19 Mbits/sec                  
[SUM]  37.00-38.00  sec  1.00 MBytes  8.38 Mbits/sec                  
- - - - - - - - - - - - - - - - - - - - - - - - -
[  5]  38.00-39.00  sec   640 KBytes  5.25 Mbits/sec                  
[  8]  38.00-39.00  sec   640 KBytes  5.25 Mbits/sec                  
[SUM]  38.00-39.00  sec  1.25 MBytes  10.5 Mbits/sec                  
- - - - - - - - - - - - - - - - - - - - - - - - -
[  5]  39.00-40.00  sec   512 KBytes  4.19 Mbits/sec                  
[  8]  39.00-40.00  sec   640 KBytes  5.24 Mbits/sec                  
[SUM]  39.00-40.00  sec  1.12 MBytes  9.43 Mbits/sec                  
- - - - - - - - - - - - - - - - - - - - - - - - -
[  5]  40.00-40.05  sec   128 KBytes  22.8 Mbits/sec                  
[  8]  40.00-40.05  sec  0.00 Bytes  0.00 bits/sec                  
[SUM]  40.00-40.05  sec   128 KBytes  22.8 Mbits/sec                  
- - - - - - - - - - - - - - - - - - - - - - - - -
[ ID] Interval           Transfer     Bitrate
[  5]   0.00-40.05  sec  22.8 MBytes  4.77 Mbits/sec                  receiver
[  8]   0.00-40.05  sec  22.8 MBytes  4.77 Mbits/sec                  receiver
[SUM]   0.00-40.05  sec  45.5 MBytes  9.53 Mbits/sec                  receiver
